-- phpMyAdmin SQL Dump
-- version 5.1.0
-- https://www.phpmyadmin.net/
--
-- Host: localhost
-- Generation Time: Sep 22, 2022 at 01:30 AM
-- Server version: 5.7.39-42-log
-- PHP Version: 7.4.30

SET SQL_MODE = "NO_AUTO_VALUE_ON_ZERO";
START TRANSACTION;
SET time_zone = "+00:00";


/*!40101 SET @OLD_CHARACTER_SET_CLIENT=@@CHARACTER_SET_CLIENT */;
/*!40101 SET @OLD_CHARACTER_SET_RESULTS=@@CHARACTER_SET_RESULTS */;
/*!40101 SET @OLD_COLLATION_CONNECTION=@@COLLATION_CONNECTION */;
/*!40101 SET NAMES utf8mb4 */;

--
-- Database: `dbg4kxqpo3l1es`
--

-- --------------------------------------------------------

--
-- Table structure for table `estados`
--

CREATE TABLE `estados` (
  `id` int(11) NOT NULL,
  `estado` varchar(100) NOT NULL
) ENGINE=InnoDB DEFAULT CHARSET=latin1;

--
-- Dumping data for table `estados`
--

INSERT INTO `estados` (`id`, `estado`) VALUES
(1, 'Aguascalientes'),
(2, 'Baja California'),
(3, 'Baja California Sur'),
(4, 'Campeche'),
(5, 'Coahuila de Zaragoza'),
(6, 'Colima'),
(7, 'Chiapas'),
(8, 'Chihuahua'),
(9, 'Distrito Federal'),
(10, 'Durango'),
(11, 'Guanajuato'),
(12, 'Guerrero'),
(13, 'Hidalgo'),
(14, 'Jalisco'),
(15, 'México'),
(16, 'Michoacán de Ocampo'),
(17, 'Morelos'),
(18, 'Nayarit'),
(19, 'Nuevo León'),
(20, 'Oaxaca de Juárez'),
(21, 'Puebla'),
(22, 'Querétaro'),
(23, 'Quintana Roo'),
(24, 'San Luis Potosí'),
(25, 'Sinaloa'),
(26, 'Sonora'),
(27, 'Tabasco'),
(28, 'Tamaulipas'),
(29, 'Tlaxcala'),
(30, 'Veracruz de Ignacio de la Llave'),
(31, 'Yucatán'),
(32, 'Zacatecas');

-- --------------------------------------------------------

--
-- Table structure for table `estados_municipios`
--

CREATE TABLE `estados_municipios` (
  `id` int(11) NOT NULL,
  `estados_id` int(11) NOT NULL,
  `municipios_id` int(11) NOT NULL
) ENGINE=InnoDB DEFAULT CHARSET=latin1;

--
-- Dumping data for table `estados_municipios`
--

INSERT INTO `estados_municipios` (`id`, `estados_id`, `municipios_id`) VALUES
(1, 1, 1),
(2, 1, 2),
(3, 1, 3),
(4, 1, 4),
(5, 1, 5),
(6, 1, 6),
(7, 1, 7),
(8, 1, 8),
(9, 1, 9),
(10, 1, 10),
(11, 1, 11),
(12, 2, 12),
(13, 2, 13),
(14, 2, 14),
(15, 2, 15),
(16, 2, 16),
(17, 3, 17),
(18, 3, 18),
(19, 3, 19),
(20, 3, 20),
(21, 3, 21),
(22, 4, 22),
(23, 4, 23),
(24, 4, 24),
(25, 4, 25),
(26, 4, 26),
(27, 4, 27),
(28, 4, 28),
(29, 4, 29),
(30, 4, 30),
(31, 4, 31),
(32, 4, 32),
(33, 5, 33),
(34, 5, 34),
(35, 5, 35),
(36, 5, 36),
(37, 5, 37),
(38, 5, 38),
(39, 5, 39),
(40, 5, 40),
(41, 5, 41),
(42, 5, 42),
(43, 5, 43),
(44, 5, 44),
(45, 5, 45),
(46, 5, 46),
(47, 5, 47),
(48, 5, 48),
(49, 5, 49),
(50, 5, 50),
(51, 5, 51),
(52, 5, 52),
(53, 5, 53),
(54, 5, 54),
(55, 5, 55),
(56, 5, 56),
(57, 5, 57),
(58, 5, 58),
(59, 5, 59),
(60, 5, 60),
(61, 5, 61),
(62, 5, 62),
(63, 5, 63),
(64, 5, 64),
(65, 5, 65),
(66, 5, 66),
(67, 5, 67),
(68, 5, 68),
(69, 5, 69),
(70, 5, 70),
(71, 6, 71),
(72, 6, 72),
(73, 6, 73),
(74, 6, 74),
(75, 6, 75),
(76, 6, 76),
(77, 6, 77),
(78, 6, 78),
(79, 6, 79),
(80, 6, 80),
(81, 7, 81),
(82, 7, 82),
(83, 7, 83),
(84, 7, 84),
(85, 7, 85),
(86, 7, 86),
(87, 7, 87),
(88, 7, 88),
(89, 7, 89),
(90, 7, 90),
(91, 7, 91),
(92, 7, 92),
(93, 7, 93),
(94, 7, 94),
(95, 7, 95),
(96, 7, 96),
(97, 7, 97),
(98, 7, 98),
(99, 7, 99),
(100, 7, 100),
(101, 7, 101),
(102, 7, 102),
(103, 7, 103),
(104, 7, 104),
(105, 7, 105),
(106, 7, 106),
(107, 7, 107),
(108, 7, 108),
(109, 7, 109),
(110, 7, 110),
(111, 7, 111),
(112, 7, 112),
(113, 7, 113),
(114, 7, 114),
(115, 7, 115),
(116, 7, 116),
(117, 7, 117),
(118, 7, 118),
(119, 7, 119),
(120, 7, 120),
(121, 7, 121),
(122, 7, 122),
(123, 7, 123),
(124, 7, 124),
(125, 7, 125),
(126, 7, 126),
(127, 7, 127),
(128, 7, 128),
(129, 7, 129),
(130, 7, 130),
(131, 7, 131),
(132, 7, 132),
(133, 7, 133),
(134, 7, 134),
(135, 7, 135),
(136, 7, 136),
(137, 7, 137),
(138, 7, 138),
(139, 7, 139),
(140, 7, 140),
(141, 7, 141),
(142, 7, 142),
(143, 7, 143),
(144, 7, 144),
(145, 7, 145),
(146, 7, 146),
(147, 7, 147),
(148, 7, 148),
(149, 7, 149),
(150, 7, 150),
(151, 7, 151),
(152, 7, 152),
(153, 7, 153),
(154, 7, 154),
(155, 7, 155),
(156, 7, 156),
(157, 7, 157),
(158, 7, 158),
(159, 7, 159),
(160, 7, 160),
(161, 7, 161),
(162, 7, 162),
(163, 7, 163),
(164, 7, 164),
(165, 7, 165),
(166, 7, 166),
(167, 7, 167),
(168, 7, 168),
(169, 7, 169),
(170, 7, 170),
(171, 7, 171),
(172, 7, 172),
(173, 7, 173),
(174, 7, 174),
(175, 7, 175),
(176, 7, 176),
(177, 7, 177),
(178, 7, 178),
(179, 7, 179),
(180, 7, 180),
(181, 7, 181),
(182, 7, 182),
(183, 7, 183),
(184, 7, 184),
(185, 7, 185),
(186, 7, 186),
(187, 7, 187),
(188, 7, 188),
(189, 7, 189),
(190, 7, 190),
(191, 7, 191),
(192, 7, 192),
(193, 7, 193),
(194, 7, 194),
(195, 7, 195),
(196, 7, 196),
(197, 7, 197),
(198, 7, 198),
(199, 8, 199),
(200, 8, 200),
(201, 8, 201),
(202, 8, 202),
(203, 8, 203),
(204, 8, 204),
(205, 8, 205),
(206, 8, 206),
(207, 8, 207),
(208, 8, 208),
(209, 8, 209),
(210, 8, 210),
(211, 8, 211),
(212, 8, 212),
(213, 8, 213),
(214, 8, 214),
(215, 8, 215),
(216, 8, 216),
(217, 8, 217),
(218, 8, 218),
(219, 8, 219),
(220, 8, 220),
(221, 8, 221),
(222, 8, 222),
(223, 8, 223),
(224, 8, 224),
(225, 8, 225),
(226, 8, 226),
(227, 8, 227),
(228, 8, 228),
(229, 8, 229),
(230, 8, 230),
(231, 8, 231),
(232, 8, 232),
(233, 8, 233),
(234, 8, 234),
(235, 8, 235),
(236, 8, 236),
(237, 8, 237),
(238, 8, 238),
(239, 8, 239),
(240, 8, 240),
(241, 8, 241),
(242, 8, 242),
(243, 8, 243),
(244, 8, 244),
(245, 8, 245),
(246, 8, 246),
(247, 8, 247),
(248, 8, 248),
(249, 8, 249),
(250, 8, 250),
(251, 8, 251),
(252, 8, 252),
(253, 8, 253),
(254, 8, 254),
(255, 8, 255),
(256, 8, 256),
(257, 8, 257),
(258, 8, 258),
(259, 8, 259),
(260, 8, 260),
(261, 8, 261),
(262, 8, 262),
(263, 8, 263),
(264, 8, 264),
(265, 8, 265),
(266, 9, 266),
(267, 9, 267),
(268, 9, 268),
(269, 9, 269),
(270, 9, 270),
(271, 9, 271),
(272, 9, 272),
(273, 9, 273),
(274, 9, 274),
(275, 9, 275),
(276, 9, 276),
(277, 9, 277),
(278, 9, 278),
(279, 9, 279),
(280, 9, 280),
(281, 9, 281),
(282, 10, 282),
(283, 10, 283),
(284, 10, 284),
(285, 10, 285),
(286, 10, 286),
(287, 10, 287),
(288, 10, 288),
(289, 10, 289),
(290, 10, 290),
(291, 10, 291),
(292, 10, 292),
(293, 10, 293),
(294, 10, 294),
(295, 10, 295),
(296, 10, 296),
(297, 10, 297),
(298, 10, 298),
(299, 10, 299),
(300, 10, 300),
(301, 10, 301),
(302, 10, 302),
(303, 10, 303),
(304, 10, 304),
(305, 10, 305),
(306, 10, 306),
(307, 10, 307),
(308, 10, 308),
(309, 10, 309),
(310, 10, 310),
(311, 10, 311),
(312, 10, 312),
(313, 10, 313),
(314, 10, 314),
(315, 10, 315),
(316, 10, 316),
(317, 10, 317),
(318, 10, 318),
(319, 10, 319),
(320, 10, 320),
(321, 11, 321),
(322, 11, 322),
(323, 11, 323),
(324, 11, 324),
(325, 11, 325),
(326, 11, 326),
(327, 11, 327),
(328, 11, 328),
(329, 11, 329),
(330, 11, 330),
(331, 11, 331),
(332, 11, 332),
(333, 11, 333),
(334, 11, 334),
(335, 11, 335),
(336, 11, 336),
(337, 11, 337),
(338, 11, 338),
(339, 11, 339),
(340, 11, 340),
(341, 11, 341),
(342, 11, 342),
(343, 11, 343),
(344, 11, 344),
(345, 11, 345),
(346, 11, 346),
(347, 11, 347),
(348, 11, 348),
(349, 11, 349),
(350, 11, 350),
(351, 11, 351),
(352, 11, 352),
(353, 11, 353),
(354, 11, 354),
(355, 11, 355),
(356, 11, 356),
(357, 11, 357),
(358, 11, 358),
(359, 11, 359),
(360, 11, 360),
(361, 11, 361),
(362, 11, 362),
(363, 11, 363),
(364, 11, 364),
(365, 11, 365),
(366, 11, 366),
(367, 12, 367),
(368, 12, 368),
(369, 12, 369),
(370, 12, 370),
(371, 12, 371),
(372, 12, 372),
(373, 12, 373),
(374, 12, 374),
(375, 12, 375),
(376, 12, 376),
(377, 12, 377),
(378, 12, 378),
(379, 12, 379),
(380, 12, 380),
(381, 12, 381),
(382, 12, 382),
(383, 12, 383),
(384, 12, 384),
(385, 12, 385),
(386, 12, 386),
(387, 12, 387),
(388, 12, 388),
(389, 12, 389),
(390, 12, 390),
(391, 12, 391),
(392, 12, 392),
(393, 12, 393),
(394, 12, 394),
(395, 12, 395),
(396, 12, 396),
(397, 12, 397),
(398, 12, 398),
(399, 12, 399),
(400, 12, 400),
(401, 12, 401),
(402, 12, 402),
(403, 12, 403),
(404, 12, 404),
(405, 12, 405),
(406, 12, 406),
(407, 12, 407),
(408, 12, 408),
(409, 12, 409),
(410, 12, 410),
(411, 12, 411),
(412, 12, 412),
(413, 12, 413),
(414, 12, 414),
(415, 12, 415),
(416, 12, 416),
(417, 12, 417),
(418, 12, 418),
(419, 12, 419),
(420, 12, 420),
(421, 12, 421),
(422, 12, 422),
(423, 12, 423),
(424, 12, 424),
(425, 12, 425),
(426, 12, 426),
(427, 12, 427),
(428, 12, 428),
(429, 12, 429),
(430, 12, 430),
(431, 12, 431),
(432, 12, 432),
(433, 12, 433),
(434, 12, 434),
(435, 12, 435),
(436, 12, 436),
(437, 12, 437),
(438, 12, 438),
(439, 12, 439),
(440, 12, 440),
(441, 12, 441),
(442, 12, 442),
(443, 12, 443),
(444, 12, 444),
(445, 12, 445),
(446, 12, 446),
(447, 12, 447),
(448, 13, 448),
(449, 13, 449),
(450, 13, 450),
(451, 13, 451),
(452, 13, 452),
(453, 13, 453),
(454, 13, 454),
(455, 13, 455),
(456, 13, 456),
(457, 13, 457),
(458, 13, 458),
(459, 13, 459),
(460, 13, 460),
(461, 13, 461),
(462, 13, 462),
(463, 13, 463),
(464, 13, 464),
(465, 13, 465),
(466, 13, 466),
(467, 13, 467),
(468, 13, 468),
(469, 13, 469),
(470, 13, 470),
(471, 13, 471),
(472, 13, 472),
(473, 13, 473),
(474, 13, 474),
(475, 13, 475),
(476, 13, 476),
(477, 13, 477),
(478, 13, 478),
(479, 13, 479),
(480, 13, 480),
(481, 13, 481),
(482, 13, 482),
(483, 13, 483),
(484, 13, 484),
(485, 13, 485),
(486, 13, 486),
(487, 13, 487),
(488, 13, 488),
(489, 13, 489),
(490, 13, 490),
(491, 13, 491),
(492, 13, 492),
(493, 13, 493),
(494, 13, 494),
(495, 13, 495),
(496, 13, 496),
(497, 13, 497),
(498, 13, 498),
(499, 13, 499),
(500, 13, 500),
(501, 13, 501),
(502, 13, 502),
(503, 13, 503),
(504, 13, 504),
(505, 13, 505),
(506, 13, 506),
(507, 13, 507),
(508, 13, 508),
(509, 13, 509),
(510, 13, 510),
(511, 13, 511),
(512, 13, 512),
(513, 13, 513),
(514, 13, 514),
(515, 13, 515),
(516, 13, 516),
(517, 13, 517),
(518, 13, 518),
(519, 13, 519),
(520, 13, 520),
(521, 13, 521),
(522, 13, 522),
(523, 13, 523),
(524, 13, 524),
(525, 13, 525),
(526, 13, 526),
(527, 13, 527),
(528, 13, 528),
(529, 13, 529),
(530, 13, 530),
(531, 13, 531),
(532, 14, 532),
(533, 14, 533),
(534, 14, 534),
(535, 14, 535),
(536, 14, 536),
(537, 14, 537),
(538, 14, 538),
(539, 14, 539),
(540, 14, 540),
(541, 14, 541),
(542, 14, 542),
(543, 14, 543),
(544, 14, 544),
(545, 14, 545),
(546, 14, 546),
(547, 14, 547),
(548, 14, 548),
(549, 14, 549),
(550, 14, 550),
(551, 14, 551),
(552, 14, 552),
(553, 14, 553),
(554, 14, 554),
(555, 14, 555),
(556, 14, 556),
(557, 14, 557),
(558, 14, 558),
(559, 14, 559),
(560, 14, 560),
(561, 14, 561),
(562, 14, 562),
(563, 14, 563),
(564, 14, 564),
(565, 14, 565),
(566, 14, 566),
(567, 14, 567),
(568, 14, 568),
(569, 14, 569),
(570, 14, 570),
(571, 14, 571),
(572, 14, 572),
(573, 14, 573),
(574, 14, 574),
(575, 14, 575),
(576, 14, 576),
(577, 14, 577),
(578, 14, 578),
(579, 14, 579),
(580, 14, 580),
(581, 14, 581),
(582, 14, 582),
(583, 14, 583),
(584, 14, 584),
(585, 14, 585),
(586, 14, 586),
(587, 14, 587),
(588, 14, 588),
(589, 14, 589),
(590, 14, 590),
(591, 14, 591),
(592, 14, 592),
(593, 14, 593),
(594, 14, 594),
(595, 14, 595),
(596, 14, 596),
(597, 14, 597),
(598, 14, 598),
(599, 14, 599),
(600, 14, 600),
(601, 14, 601),
(602, 14, 602),
(603, 14, 603),
(604, 14, 604),
(605, 14, 605),
(606, 14, 606),
(607, 14, 607),
(608, 14, 608),
(609, 14, 609),
(610, 14, 610),
(611, 14, 611),
(612, 14, 612),
(613, 14, 613),
(614, 14, 614),
(615, 14, 615),
(616, 14, 616),
(617, 14, 617),
(618, 14, 618),
(619, 14, 619),
(620, 14, 620),
(621, 14, 621),
(622, 14, 622),
(623, 14, 623),
(624, 14, 624),
(625, 14, 625),
(626, 14, 626),
(627, 14, 627),
(628, 14, 628),
(629, 14, 629),
(630, 14, 630),
(631, 14, 631),
(632, 14, 632),
(633, 14, 633),
(634, 14, 634),
(635, 14, 635),
(636, 14, 636),
(637, 14, 637),
(638, 14, 638),
(639, 14, 639),
(640, 14, 640),
(641, 14, 641),
(642, 14, 642),
(643, 14, 643),
(644, 14, 644),
(645, 14, 645),
(646, 14, 646),
(647, 14, 647),
(648, 14, 648),
(649, 14, 649),
(650, 14, 650),
(651, 14, 651),
(652, 14, 652),
(653, 14, 653),
(654, 14, 654),
(655, 14, 655),
(656, 14, 656),
(657, 15, 657),
(658, 15, 658),
(659, 15, 659),
(660, 15, 660),
(661, 15, 661),
(662, 15, 662),
(663, 15, 663),
(664, 15, 664),
(665, 15, 665),
(666, 15, 666),
(667, 15, 667),
(668, 15, 668),
(669, 15, 669),
(670, 15, 670),
(671, 15, 671),
(672, 15, 672),
(673, 15, 673),
(674, 15, 674),
(675, 15, 675),
(676, 15, 676),
(677, 15, 677),
(678, 15, 678),
(679, 15, 679),
(680, 15, 680),
(681, 15, 681),
(682, 15, 682),
(683, 15, 683),
(684, 15, 684),
(685, 15, 685),
(686, 15, 686),
(687, 15, 687),
(688, 15, 688),
(689, 15, 689),
(690, 15, 690),
(691, 15, 691),
(692, 15, 692),
(693, 15, 693),
(694, 15, 694),
(695, 15, 695),
(696, 15, 696),
(697, 15, 697),
(698, 15, 698),
(699, 15, 699),
(700, 15, 700),
(701, 15, 701),
(702, 15, 702),
(703, 15, 703),
(704, 15, 704),
(705, 15, 705),
(706, 15, 706),
(707, 15, 707),
(708, 15, 708),
(709, 15, 709),
(710, 15, 710),
(711, 15, 711),
(712, 15, 712),
(713, 15, 713),
(714, 15, 714),
(715, 15, 715),
(716, 15, 716),
(717, 15, 717),
(718, 15, 718),
(719, 15, 719),
(720, 15, 720),
(721, 15, 721),
(722, 15, 722),
(723, 15, 723),
(724, 15, 724),
(725, 15, 725),
(726, 15, 726),
(727, 15, 727),
(728, 15, 728),
(729, 15, 729),
(730, 15, 730),
(731, 15, 731),
(732, 15, 732),
(733, 15, 733),
(734, 15, 734),
(735, 15, 735),
(736, 15, 736),
(737, 15, 737),
(738, 15, 738),
(739, 15, 739),
(740, 15, 740),
(741, 15, 741),
(742, 15, 742),
(743, 15, 743),
(744, 15, 744),
(745, 15, 745),
(746, 15, 746),
(747, 15, 747),
(748, 15, 748),
(749, 15, 749),
(750, 15, 750),
(751, 15, 751),
(752, 15, 752),
(753, 15, 753),
(754, 15, 754),
(755, 15, 755),
(756, 15, 756),
(757, 15, 757),
(758, 15, 758),
(759, 15, 759),
(760, 15, 760),
(761, 15, 761),
(762, 15, 762),
(763, 15, 763),
(764, 15, 764),
(765, 15, 765),
(766, 15, 766),
(767, 15, 767),
(768, 15, 768),
(769, 15, 769),
(770, 15, 770),
(771, 15, 771),
(772, 15, 772),
(773, 15, 773),
(774, 15, 774),
(775, 15, 775),
(776, 15, 776),
(777, 15, 777),
(778, 15, 778),
(779, 15, 779),
(780, 15, 780),
(781, 15, 781),
(782, 16, 782),
(783, 16, 783),
(784, 16, 784),
(785, 16, 785),
(786, 16, 786),
(787, 16, 787),
(788, 16, 788),
(789, 16, 789),
(790, 16, 790),
(791, 16, 791),
(792, 16, 792),
(793, 16, 793),
(794, 16, 794),
(795, 16, 795),
(796, 16, 796),
(797, 16, 797),
(798, 16, 798),
(799, 16, 799),
(800, 16, 800),
(801, 16, 801),
(802, 16, 802),
(803, 16, 803),
(804, 16, 804),
(805, 16, 805),
(806, 16, 806),
(807, 16, 807),
(808, 16, 808),
(809, 16, 809),
(810, 16, 810),
(811, 16, 811),
(812, 16, 812),
(813, 16, 813),
(814, 16, 814),
(815, 16, 815),
(816, 16, 816),
(817, 16, 817),
(818, 16, 818),
(819, 16, 819),
(820, 16, 820),
(821, 16, 821),
(822, 16, 822),
(823, 16, 823),
(824, 16, 824),
(825, 16, 825),
(826, 16, 826),
(827, 16, 827),
(828, 16, 828),
(829, 16, 829),
(830, 16, 830),
(831, 16, 831),
(832, 16, 832),
(833, 16, 833),
(834, 16, 834),
(835, 16, 835),
(836, 16, 836),
(837, 16, 837),
(838, 16, 838),
(839, 16, 839),
(840, 16, 840),
(841, 16, 841),
(842, 16, 842),
(843, 16, 843),
(844, 16, 844),
(845, 16, 845),
(846, 16, 846),
(847, 16, 847),
(848, 16, 848),
(849, 16, 849),
(850, 16, 850),
(851, 16, 851),
(852, 16, 852),
(853, 16, 853),
(854, 16, 854),
(855, 16, 855),
(856, 16, 856),
(857, 16, 857),
(858, 16, 858),
(859, 16, 859),
(860, 16, 860),
(861, 16, 861),
(862, 16, 862),
(863, 16, 863),
(864, 16, 864),
(865, 16, 865),
(866, 16, 866),
(867, 16, 867),
(868, 16, 868),
(869, 16, 869),
(870, 16, 870),
(871, 16, 871),
(872, 16, 872),
(873, 16, 873),
(874, 16, 874),
(875, 16, 875),
(876, 16, 876),
(877, 16, 877),
(878, 16, 878),
(879, 16, 879),
(880, 16, 880),
(881, 16, 881),
(882, 16, 882),
(883, 16, 883),
(884, 16, 884),
(885, 16, 885),
(886, 16, 886),
(887, 16, 887),
(888, 16, 888),
(889, 16, 889),
(890, 16, 890),
(891, 16, 891),
(892, 16, 892),
(893, 16, 893),
(894, 16, 894),
(895, 17, 895),
(896, 17, 896),
(897, 17, 897),
(898, 17, 898),
(899, 17, 899),
(900, 17, 900),
(901, 17, 901),
(902, 17, 902),
(903, 17, 903),
(904, 17, 904),
(905, 17, 905),
(906, 17, 906),
(907, 17, 907),
(908, 17, 908),
(909, 17, 909),
(910, 17, 910),
(911, 17, 911),
(912, 17, 912),
(913, 17, 913),
(914, 17, 914),
(915, 17, 915),
(916, 17, 916),
(917, 17, 917),
(918, 17, 918),
(919, 17, 919),
(920, 17, 920),
(921, 17, 921),
(922, 17, 922),
(923, 17, 923),
(924, 17, 924),
(925, 17, 925),
(926, 17, 926),
(927, 17, 927),
(928, 18, 928),
(929, 18, 929),
(930, 18, 930),
(931, 18, 931),
(932, 18, 932),
(933, 18, 933),
(934, 18, 934),
(935, 18, 935),
(936, 18, 936),
(937, 18, 937),
(938, 18, 938),
(939, 18, 939),
(940, 18, 940),
(941, 18, 941),
(942, 18, 942),
(943, 18, 943),
(944, 18, 944),
(945, 18, 945),
(946, 18, 946),
(947, 18, 947),
(948, 19, 948),
(949, 19, 949),
(950, 19, 950),
(951, 19, 951),
(952, 19, 952),
(953, 19, 953),
(954, 19, 954),
(955, 19, 955),
(956, 19, 956),
(957, 19, 957),
(958, 19, 958),
(959, 19, 959),
(960, 19, 960),
(961, 19, 961),
(962, 19, 962),
(963, 19, 963),
(964, 19, 964),
(965, 19, 965),
(966, 19, 966),
(967, 19, 967),
(968, 19, 968),
(969, 19, 969),
(970, 19, 970),
(971, 19, 971),
(972, 19, 972),
(973, 19, 973),
(974, 19, 974),
(975, 19, 975),
(976, 19, 976),
(977, 19, 977),
(978, 19, 978),
(979, 19, 979),
(980, 19, 980),
(981, 19, 981),
(982, 19, 982),
(983, 19, 983),
(984, 19, 984),
(985, 19, 985),
(986, 19, 986),
(987, 19, 987),
(988, 19, 988),
(989, 19, 989),
(990, 19, 990),
(991, 19, 991),
(992, 19, 992),
(993, 19, 993),
(994, 19, 994),
(995, 19, 995),
(996, 19, 996),
(997, 19, 997),
(998, 19, 998),
(999, 20, 999),
(1000, 20, 1000),
(1001, 20, 1001),
(1002, 20, 1002),
(1003, 20, 1003),
(1004, 20, 1004),
(1005, 20, 1005),
(1006, 20, 1006),
(1007, 20, 1007),
(1008, 20, 1008),
(1009, 20, 1009),
(1010, 20, 1010),
(1011, 20, 1011),
(1012, 20, 1012),
(1013, 20, 1013),
(1014, 20, 1014),
(1015, 20, 1015),
(1016, 20, 1016),
(1017, 20, 1017),
(1018, 20, 1018),
(1019, 20, 1019),
(1020, 20, 1020),
(1021, 20, 1021),
(1022, 20, 1022),
(1023, 20, 1023),
(1024, 20, 1024),
(1025, 20, 1025),
(1026, 20, 1026),
(1027, 20, 1027),
(1028, 20, 1028),
(1029, 20, 1029),
(1030, 20, 1030),
(1031, 20, 1031),
(1032, 20, 1032),
(1033, 20, 1033),
(1034, 20, 1034),
(1035, 20, 1035),
(1036, 20, 1036),
(1037, 20, 1037),
(1038, 20, 1038),
(1039, 20, 1039),
(1040, 20, 1040),
(1041, 20, 1041),
(1042, 20, 1042),
(1043, 20, 1043),
(1044, 20, 1044),
(1045, 20, 1045),
(1046, 20, 1046),
(1047, 20, 1047),
(1048, 20, 1048),
(1049, 20, 1049),
(1050, 20, 1050),
(1051, 20, 1051),
(1052, 20, 1052),
(1053, 20, 1053),
(1054, 20, 1054),
(1055, 20, 1055),
(1056, 20, 1056),
(1057, 20, 1057),
(1058, 20, 1058),
(1059, 20, 1059),
(1060, 20, 1060),
(1061, 20, 1061),
(1062, 20, 1062),
(1063, 20, 1063),
(1064, 20, 1064),
(1065, 20, 1065),
(1066, 20, 1066),
(1067, 20, 1067),
(1068, 20, 1068),
(1069, 20, 1069),
(1070, 20, 1070),
(1071, 20, 1071),
(1072, 20, 1072),
(1073, 20, 1073),
(1074, 20, 1074),
(1075, 20, 1075),
(1076, 20, 1076),
(1077, 20, 1077),
(1078, 20, 1078),
(1079, 20, 1079),
(1080, 20, 1080),
(1081, 20, 1081),
(1082, 20, 1082),
(1083, 20, 1083),
(1084, 20, 1084),
(1085, 20, 1085),
(1086, 20, 1086),
(1087, 20, 1087),
(1088, 20, 1088),
(1089, 20, 1089),
(1090, 20, 1090),
(1091, 20, 1091),
(1092, 20, 1092),
(1093, 20, 1093),
(1094, 20, 1094),
(1095, 20, 1095),
(1096, 20, 1096),
(1097, 20, 1097),
(1098, 20, 1098),
(1099, 20, 1099),
(1100, 20, 1100),
(1101, 20, 1101),
(1102, 20, 1102),
(1103, 20, 1103),
(1104, 20, 1104),
(1105, 20, 1105),
(1106, 20, 1106),
(1107, 20, 1107),
(1108, 20, 1108),
(1109, 20, 1109),
(1110, 20, 1110),
(1111, 20, 1111),
(1112, 20, 1112),
(1113, 20, 1113),
(1114, 20, 1114),
(1115, 20, 1115),
(1116, 20, 1116),
(1117, 20, 1117),
(1118, 20, 1118),
(1119, 20, 1119),
(1120, 20, 1120),
(1121, 20, 1121),
(1122, 20, 1122),
(1123, 20, 1123),
(1124, 20, 1124),
(1125, 20, 1125),
(1126, 20, 1126),
(1127, 20, 1127),
(1128, 20, 1128),
(1129, 20, 1129),
(1130, 20, 1130),
(1131, 20, 1131),
(1132, 20, 1132),
(1133, 20, 1133),
(1134, 20, 1134),
(1135, 20, 1135),
(1136, 20, 1136),
(1137, 20, 1137),
(1138, 20, 1138),
(1139, 20, 1139),
(1140, 20, 1140),
(1141, 20, 1141),
(1142, 20, 1142),
(1143, 20, 1143),
(1144, 20, 1144),
(1145, 20, 1145),
(1146, 20, 1146),
(1147, 20, 1147),
(1148, 20, 1148),
(1149, 20, 1149),
(1150, 20, 1150),
(1151, 20, 1151),
(1152, 20, 1152),
(1153, 20, 1153),
(1154, 20, 1154),
(1155, 20, 1155),
(1156, 20, 1156),
(1157, 20, 1157),
(1158, 20, 1158),
(1159, 20, 1159),
(1160, 20, 1160),
(1161, 20, 1161),
(1162, 20, 1162),
(1163, 20, 1163),
(1164, 20, 1164),
(1165, 20, 1165),
(1166, 20, 1166),
(1167, 20, 1167),
(1168, 20, 1168),
(1169, 20, 1169),
(1170, 20, 1170),
(1171, 20, 1171),
(1172, 20, 1172),
(1173, 20, 1173),
(1174, 20, 1174),
(1175, 20, 1175),
(1176, 20, 1176),
(1177, 20, 1177),
(1178, 20, 1178),
(1179, 20, 1179),
(1180, 20, 1180),
(1181, 20, 1181),
(1182, 20, 1182),
(1183, 20, 1183),
(1184, 20, 1184),
(1185, 20, 1185),
(1186, 20, 1186),
(1187, 20, 1187),
(1188, 20, 1188),
(1189, 20, 1189),
(1190, 20, 1190),
(1191, 20, 1191),
(1192, 20, 1192),
(1193, 20, 1193),
(1194, 20, 1194),
(1195, 20, 1195),
(1196, 20, 1196),
(1197, 20, 1197),
(1198, 20, 1198),
(1199, 20, 1199),
(1200, 20, 1200),
(1201, 20, 1201),
(1202, 20, 1202),
(1203, 20, 1203),
(1204, 20, 1204),
(1205, 20, 1205),
(1206, 20, 1206),
(1207, 20, 1207),
(1208, 20, 1208),
(1209, 20, 1209),
(1210, 20, 1210),
(1211, 20, 1211),
(1212, 20, 1212),
(1213, 20, 1213),
(1214, 20, 1214),
(1215, 20, 1215),
(1216, 20, 1216),
(1217, 20, 1217),
(1218, 20, 1218),
(1219, 20, 1219),
(1220, 20, 1220),
(1221, 20, 1221),
(1222, 20, 1222),
(1223, 20, 1223),
(1224, 20, 1224),
(1225, 20, 1225),
(1226, 20, 1226),
(1227, 20, 1227),
(1228, 20, 1228),
(1229, 20, 1229),
(1230, 20, 1230),
(1231, 20, 1231),
(1232, 20, 1232),
(1233, 20, 1233),
(1234, 20, 1234),
(1235, 20, 1235),
(1236, 20, 1236),
(1237, 20, 1237),
(1238, 20, 1238),
(1239, 20, 1239),
(1240, 20, 1240),
(1241, 20, 1241),
(1242, 20, 1242),
(1243, 20, 1243),
(1244, 20, 1244),
(1245, 20, 1245),
(1246, 20, 1246),
(1247, 20, 1247),
(1248, 20, 1248),
(1249, 20, 1249),
(1250, 20, 1250),
(1251, 20, 1251),
(1252, 20, 1252),
(1253, 20, 1253),
(1254, 20, 1254),
(1255, 20, 1255),
(1256, 20, 1256),
(1257, 20, 1257),
(1258, 20, 1258),
(1259, 20, 1259),
(1260, 20, 1260),
(1261, 20, 1261),
(1262, 20, 1262),
(1263, 20, 1263),
(1264, 20, 1264),
(1265, 20, 1265),
(1266, 20, 1266),
(1267, 20, 1267),
(1268, 20, 1268),
(1269, 20, 1269),
(1270, 20, 1270),
(1271, 20, 1271),
(1272, 20, 1272),
(1273, 20, 1273),
(1274, 20, 1274),
(1275, 20, 1275),
(1276, 20, 1276),
(1277, 20, 1277),
(1278, 20, 1278),
(1279, 20, 1279),
(1280, 20, 1280),
(1281, 20, 1281),
(1282, 20, 1282),
(1283, 20, 1283),
(1284, 20, 1284),
(1285, 20, 1285),
(1286, 20, 1286),
(1287, 20, 1287),
(1288, 20, 1288),
(1289, 20, 1289),
(1290, 20, 1290),
(1291, 20, 1291),
(1292, 20, 1292),
(1293, 20, 1293),
(1294, 20, 1294),
(1295, 20, 1295),
(1296, 20, 1296),
(1297, 20, 1297),
(1298, 20, 1298),
(1299, 20, 1299),
(1300, 20, 1300),
(1301, 20, 1301),
(1302, 20, 1302),
(1303, 20, 1303),
(1304, 20, 1304),
(1305, 20, 1305),
(1306, 20, 1306),
(1307, 20, 1307),
(1308, 20, 1308),
(1309, 20, 1309),
(1310, 20, 1310),
(1311, 20, 1311),
(1312, 20, 1312),
(1313, 20, 1313),
(1314, 20, 1314),
(1315, 20, 1315),
(1316, 20, 1316),
(1317, 20, 1317),
(1318, 20, 1318),
(1319, 20, 1319),
(1320, 20, 1320),
(1321, 20, 1321),
(1322, 20, 1322),
(1323, 20, 1323),
(1324, 20, 1324),
(1325, 20, 1325),
(1326, 20, 1326),
(1327, 20, 1327),
(1328, 20, 1328),
(1329, 20, 1329),
(1330, 20, 1330),
(1331, 20, 1331),
(1332, 20, 1332),
(1333, 20, 1333),
(1334, 20, 1334),
(1335, 20, 1335),
(1336, 20, 1336),
(1337, 20, 1337),
(1338, 20, 1338),
(1339, 20, 1339),
(1340, 20, 1340),
(1341, 20, 1341),
(1342, 20, 1342),
(1343, 20, 1343),
(1344, 20, 1344),
(1345, 20, 1345),
(1346, 20, 1346),
(1347, 20, 1347),
(1348, 20, 1348),
(1349, 20, 1349),
(1350, 20, 1350),
(1351, 20, 1351),
(1352, 20, 1352),
(1353, 20, 1353),
(1354, 20, 1354),
(1355, 20, 1355),
(1356, 20, 1356),
(1357, 20, 1357),
(1358, 20, 1358),
(1359, 20, 1359),
(1360, 20, 1360),
(1361, 20, 1361),
(1362, 20, 1362),
(1363, 20, 1363),
(1364, 20, 1364),
(1365, 20, 1365),
(1366, 20, 1366),
(1367, 20, 1367),
(1368, 20, 1368),
(1369, 20, 1369),
(1370, 20, 1370),
(1371, 20, 1371),
(1372, 20, 1372),
(1373, 20, 1373),
(1374, 20, 1374),
(1375, 20, 1375),
(1376, 20, 1376),
(1377, 20, 1377),
(1378, 20, 1378),
(1379, 20, 1379),
(1380, 20, 1380),
(1381, 20, 1381),
(1382, 20, 1382),
(1383, 20, 1383),
(1384, 20, 1384),
(1385, 20, 1385),
(1386, 20, 1386),
(1387, 20, 1387),
(1388, 20, 1388),
(1389, 20, 1389),
(1390, 20, 1390),
(1391, 20, 1391),
(1392, 20, 1392),
(1393, 20, 1393),
(1394, 20, 1394),
(1395, 20, 1395),
(1396, 20, 1396),
(1397, 20, 1397),
(1398, 20, 1398),
(1399, 20, 1399),
(1400, 20, 1400),
(1401, 20, 1401),
(1402, 20, 1402),
(1403, 20, 1403),
(1404, 20, 1404),
(1405, 20, 1405),
(1406, 20, 1406),
(1407, 20, 1407),
(1408, 20, 1408),
(1409, 20, 1409),
(1410, 20, 1410),
(1411, 20, 1411),
(1412, 20, 1412),
(1413, 20, 1413),
(1414, 20, 1414),
(1415, 20, 1415),
(1416, 20, 1416),
(1417, 20, 1417),
(1418, 20, 1418),
(1419, 20, 1419),
(1420, 20, 1420),
(1421, 20, 1421),
(1422, 20, 1422),
(1423, 20, 1423),
(1424, 20, 1424),
(1425, 20, 1425),
(1426, 20, 1426),
(1427, 20, 1427),
(1428, 20, 1428),
(1429, 20, 1429),
(1430, 20, 1430),
(1431, 20, 1431),
(1432, 20, 1432),
(1433, 20, 1433),
(1434, 20, 1434),
(1435, 20, 1435),
(1436, 20, 1436),
(1437, 20, 1437),
(1438, 20, 1438),
(1439, 20, 1439),
(1440, 20, 1440),
(1441, 20, 1441),
(1442, 20, 1442),
(1443, 20, 1443),
(1444, 20, 1444),
(1445, 20, 1445),
(1446, 20, 1446),
(1447, 20, 1447),
(1448, 20, 1448),
(1449, 20, 1449),
(1450, 20, 1450),
(1451, 20, 1451),
(1452, 20, 1452),
(1453, 20, 1453),
(1454, 20, 1454),
(1455, 20, 1455),
(1456, 20, 1456),
(1457, 20, 1457),
(1458, 20, 1458),
(1459, 20, 1459),
(1460, 20, 1460),
(1461, 20, 1461),
(1462, 20, 1462),
(1463, 20, 1463),
(1464, 20, 1464),
(1465, 20, 1465),
(1466, 20, 1466),
(1467, 20, 1467),
(1468, 20, 1468),
(1469, 20, 1469),
(1470, 20, 1470),
(1471, 20, 1471),
(1472, 20, 1472),
(1473, 20, 1473),
(1474, 20, 1474),
(1475, 20, 1475),
(1476, 20, 1476),
(1477, 20, 1477),
(1478, 20, 1478),
(1479, 20, 1479),
(1480, 20, 1480),
(1481, 20, 1481),
(1482, 20, 1482),
(1483, 20, 1483),
(1484, 20, 1484),
(1485, 20, 1485),
(1486, 20, 1486),
(1487, 20, 1487),
(1488, 20, 1488),
(1489, 20, 1489),
(1490, 20, 1490),
(1491, 20, 1491),
(1492, 20, 1492),
(1493, 20, 1493),
(1494, 20, 1494),
(1495, 20, 1495),
(1496, 20, 1496),
(1497, 20, 1497),
(1498, 20, 1498),
(1499, 20, 1499),
(1500, 20, 1500),
(1501, 20, 1501),
(1502, 20, 1502),
(1503, 20, 1503),
(1504, 20, 1504),
(1505, 20, 1505),
(1506, 20, 1506),
(1507, 20, 1507),
(1508, 20, 1508),
(1509, 20, 1509),
(1510, 20, 1510),
(1511, 20, 1511),
(1512, 20, 1512),
(1513, 20, 1513),
(1514, 20, 1514),
(1515, 20, 1515),
(1516, 20, 1516),
(1517, 20, 1517),
(1518, 20, 1518),
(1519, 20, 1519),
(1520, 20, 1520),
(1521, 20, 1521),
(1522, 20, 1522),
(1523, 20, 1523),
(1524, 20, 1524),
(1525, 20, 1525),
(1526, 20, 1526),
(1527, 20, 1527),
(1528, 20, 1528),
(1529, 20, 1529),
(1530, 20, 1530),
(1531, 20, 1531),
(1532, 20, 1532),
(1533, 20, 1533),
(1534, 20, 1534),
(1535, 20, 1535),
(1536, 20, 1536),
(1537, 20, 1537),
(1538, 20, 1538),
(1539, 20, 1539),
(1540, 20, 1540),
(1541, 20, 1541),
(1542, 20, 1542),
(1543, 20, 1543),
(1544, 20, 1544),
(1545, 20, 1545),
(1546, 20, 1546),
(1547, 20, 1547),
(1548, 20, 1548),
(1549, 20, 1549),
(1550, 20, 1550),
(1551, 20, 1551),
(1552, 20, 1552),
(1553, 20, 1553),
(1554, 20, 1554),
(1555, 20, 1555),
(1556, 20, 1556),
(1557, 20, 1557),
(1558, 20, 1558),
(1559, 20, 1559),
(1560, 20, 1560),
(1561, 20, 1561),
(1562, 20, 1562),
(1563, 20, 1563),
(1564, 20, 1564),
(1565, 20, 1565),
(1566, 20, 1566),
(1567, 20, 1567),
(1568, 20, 1568),
(1569, 21, 1569),
(1570, 21, 1570),
(1571, 21, 1571),
(1572, 21, 1572),
(1573, 21, 1573),
(1574, 21, 1574),
(1575, 21, 1575),
(1576, 21, 1576),
(1577, 21, 1577),
(1578, 21, 1578),
(1579, 21, 1579),
(1580, 21, 1580),
(1581, 21, 1581),
(1582, 21, 1582),
(1583, 21, 1583),
(1584, 21, 1584),
(1585, 21, 1585),
(1586, 21, 1586),
(1587, 21, 1587),
(1588, 21, 1588),
(1589, 21, 1589),
(1590, 21, 1590),
(1591, 21, 1591),
(1592, 21, 1592),
(1593, 21, 1593),
(1594, 21, 1594),
(1595, 21, 1595),
(1596, 21, 1596),
(1597, 21, 1597),
(1598, 21, 1598),
(1599, 21, 1599),
(1600, 21, 1600),
(1601, 21, 1601),
(1602, 21, 1602),
(1603, 21, 1603),
(1604, 21, 1604),
(1605, 21, 1605),
(1606, 21, 1606),
(1607, 21, 1607),
(1608, 21, 1608),
(1609, 21, 1609),
(1610, 21, 1610),
(1611, 21, 1611),
(1612, 21, 1612),
(1613, 21, 1613),
(1614, 21, 1614),
(1615, 21, 1615),
(1616, 21, 1616),
(1617, 21, 1617),
(1618, 21, 1618),
(1619, 21, 1619),
(1620, 21, 1620),
(1621, 21, 1621),
(1622, 21, 1622),
(1623, 21, 1623),
(1624, 21, 1624),
(1625, 21, 1625),
(1626, 21, 1626),
(1627, 21, 1627),
(1628, 21, 1628),
(1629, 21, 1629),
(1630, 21, 1630),
(1631, 21, 1631),
(1632, 21, 1632),
(1633, 21, 1633),
(1634, 21, 1634),
(1635, 21, 1635),
(1636, 21, 1636),
(1637, 21, 1637),
(1638, 21, 1638),
(1639, 21, 1639),
(1640, 21, 1640),
(1641, 21, 1641),
(1642, 21, 1642),
(1643, 21, 1643),
(1644, 21, 1644),
(1645, 21, 1645),
(1646, 21, 1646),
(1647, 21, 1647),
(1648, 21, 1648),
(1649, 21, 1649),
(1650, 21, 1650),
(1651, 21, 1651),
(1652, 21, 1652),
(1653, 21, 1653),
(1654, 21, 1654),
(1655, 21, 1655),
(1656, 21, 1656),
(1657, 21, 1657),
(1658, 21, 1658),
(1659, 21, 1659),
(1660, 21, 1660),
(1661, 21, 1661),
(1662, 21, 1662),
(1663, 21, 1663),
(1664, 21, 1664),
(1665, 21, 1665),
(1666, 21, 1666),
(1667, 21, 1667),
(1668, 21, 1668),
(1669, 21, 1669),
(1670, 21, 1670),
(1671, 21, 1671),
(1672, 21, 1672),
(1673, 21, 1673),
(1674, 21, 1674),
(1675, 21, 1675),
(1676, 21, 1676),
(1677, 21, 1677),
(1678, 21, 1678),
(1679, 21, 1679),
(1680, 21, 1680),
(1681, 21, 1681),
(1682, 21, 1682),
(1683, 21, 1683),
(1684, 21, 1684),
(1685, 21, 1685),
(1686, 21, 1686),
(1687, 21, 1687),
(1688, 21, 1688),
(1689, 21, 1689),
(1690, 21, 1690),
(1691, 21, 1691),
(1692, 21, 1692),
(1693, 21, 1693),
(1694, 21, 1694),
(1695, 21, 1695),
(1696, 21, 1696),
(1697, 21, 1697),
(1698, 21, 1698),
(1699, 21, 1699),
(1700, 21, 1700),
(1701, 21, 1701),
(1702, 21, 1702),
(1703, 21, 1703),
(1704, 21, 1704),
(1705, 21, 1705),
(1706, 21, 1706),
(1707, 21, 1707),
(1708, 21, 1708),
(1709, 21, 1709),
(1710, 21, 1710),
(1711, 21, 1711),
(1712, 21, 1712),
(1713, 21, 1713),
(1714, 21, 1714),
(1715, 21, 1715),
(1716, 21, 1716),
(1717, 21, 1717),
(1718, 21, 1718),
(1719, 21, 1719),
(1720, 21, 1720),
(1721, 21, 1721),
(1722, 21, 1722),
(1723, 21, 1723),
(1724, 21, 1724),
(1725, 21, 1725),
(1726, 21, 1726),
(1727, 21, 1727),
(1728, 21, 1728),
(1729, 21, 1729),
(1730, 21, 1730),
(1731, 21, 1731),
(1732, 21, 1732),
(1733, 21, 1733),
(1734, 21, 1734),
(1735, 21, 1735),
(1736, 21, 1736),
(1737, 21, 1737),
(1738, 21, 1738),
(1739, 21, 1739),
(1740, 21, 1740),
(1741, 21, 1741),
(1742, 21, 1742),
(1743, 21, 1743),
(1744, 21, 1744),
(1745, 21, 1745),
(1746, 21, 1746),
(1747, 21, 1747),
(1748, 21, 1748),
(1749, 21, 1749),
(1750, 21, 1750),
(1751, 21, 1751),
(1752, 21, 1752),
(1753, 21, 1753),
(1754, 21, 1754),
(1755, 21, 1755),
(1756, 21, 1756),
(1757, 21, 1757),
(1758, 21, 1758),
(1759, 21, 1759),
(1760, 21, 1760),
(1761, 21, 1761),
(1762, 21, 1762),
(1763, 21, 1763),
(1764, 21, 1764),
(1765, 21, 1765),
(1766, 21, 1766),
(1767, 21, 1767),
(1768, 21, 1768),
(1769, 21, 1769),
(1770, 21, 1770),
(1771, 21, 1771),
(1772, 21, 1772),
(1773, 21, 1773),
(1774, 21, 1774),
(1775, 21, 1775),
(1776, 21, 1776),
(1777, 21, 1777),
(1778, 21, 1778),
(1779, 21, 1779),
(1780, 21, 1780),
(1781, 21, 1781),
(1782, 21, 1782),
(1783, 21, 1783),
(1784, 21, 1784),
(1785, 21, 1785),
(1786, 22, 1786),
(1787, 22, 1787),
(1788, 22, 1788),
(1789, 22, 1789),
(1790, 22, 1790),
(1791, 22, 1791),
(1792, 22, 1792),
(1793, 22, 1793),
(1794, 22, 1794),
(1795, 22, 1795),
(1796, 22, 1796),
(1797, 22, 1797),
(1798, 22, 1798),
(1799, 22, 1799),
(1800, 22, 1800),
(1801, 22, 1801),
(1802, 22, 1802),
(1803, 22, 1803),
(1804, 23, 1804),
(1805, 23, 1805),
(1806, 23, 1806),
(1807, 23, 1807),
(1808, 23, 1808),
(1809, 23, 1809),
(1810, 23, 1810),
(1811, 23, 1811),
(1812, 23, 1812),
(1813, 23, 1813),
(1814, 24, 1814),
(1815, 24, 1815),
(1816, 24, 1816),
(1817, 24, 1817),
(1818, 24, 1818),
(1819, 24, 1819),
(1820, 24, 1820),
(1821, 24, 1821),
(1822, 24, 1822),
(1823, 24, 1823),
(1824, 24, 1824),
(1825, 24, 1825),
(1826, 24, 1826),
(1827, 24, 1827),
(1828, 24, 1828),
(1829, 24, 1829),
(1830, 24, 1830),
(1831, 24, 1831),
(1832, 24, 1832),
(1833, 24, 1833),
(1834, 24, 1834),
(1835, 24, 1835),
(1836, 24, 1836),
(1837, 24, 1837),
(1838, 24, 1838),
(1839, 24, 1839),
(1840, 24, 1840),
(1841, 24, 1841),
(1842, 24, 1842),
(1843, 24, 1843),
(1844, 24, 1844),
(1845, 24, 1845),
(1846, 24, 1846),
(1847, 24, 1847),
(1848, 24, 1848),
(1849, 24, 1849),
(1850, 24, 1850),
(1851, 24, 1851),
(1852, 24, 1852),
(1853, 24, 1853),
(1854, 24, 1854),
(1855, 24, 1855),
(1856, 24, 1856),
(1857, 24, 1857),
(1858, 24, 1858),
(1859, 24, 1859),
(1860, 24, 1860),
(1861, 24, 1861),
(1862, 24, 1862),
(1863, 24, 1863),
(1864, 24, 1864),
(1865, 24, 1865),
(1866, 24, 1866),
(1867, 24, 1867),
(1868, 24, 1868),
(1869, 24, 1869),
(1870, 24, 1870),
(1871, 24, 1871),
(1872, 25, 1872),
(1873, 25, 1873),
(1874, 25, 1874),
(1875, 25, 1875),
(1876, 25, 1876),
(1877, 25, 1877),
(1878, 25, 1878),
(1879, 25, 1879),
(1880, 25, 1880),
(1881, 25, 1881),
(1882, 25, 1882),
(1883, 25, 1883),
(1884, 25, 1884),
(1885, 25, 1885),
(1886, 25, 1886),
(1887, 25, 1887),
(1888, 25, 1888),
(1889, 25, 1889),
(1890, 26, 1890),
(1891, 26, 1891),
(1892, 26, 1892),
(1893, 26, 1893),
(1894, 26, 1894),
(1895, 26, 1895),
(1896, 26, 1896),
(1897, 26, 1897),
(1898, 26, 1898),
(1899, 26, 1899),
(1900, 26, 1900),
(1901, 26, 1901),
(1902, 26, 1902),
(1903, 26, 1903),
(1904, 26, 1904),
(1905, 26, 1905),
(1906, 26, 1906),
(1907, 26, 1907),
(1908, 26, 1908),
(1909, 26, 1909),
(1910, 26, 1910),
(1911, 26, 1911),
(1912, 26, 1912),
(1913, 26, 1913),
(1914, 26, 1914),
(1915, 26, 1915),
(1916, 26, 1916),
(1917, 26, 1917),
(1918, 26, 1918),
(1919, 26, 1919),
(1920, 26, 1920),
(1921, 26, 1921),
(1922, 26, 1922),
(1923, 26, 1923),
(1924, 26, 1924),
(1925, 26, 1925),
(1926, 26, 1926),
(1927, 26, 1927),
(1928, 26, 1928),
(1929, 26, 1929),
(1930, 26, 1930),
(1931, 26, 1931),
(1932, 26, 1932),
(1933, 26, 1933),
(1934, 26, 1934),
(1935, 26, 1935),
(1936, 26, 1936),
(1937, 26, 1937),
(1938, 26, 1938),
(1939, 26, 1939),
(1940, 26, 1940),
(1941, 26, 1941),
(1942, 26, 1942),
(1943, 26, 1943),
(1944, 26, 1944),
(1945, 26, 1945),
(1946, 26, 1946),
(1947, 26, 1947),
(1948, 26, 1948),
(1949, 26, 1949),
(1950, 26, 1950),
(1951, 26, 1951),
(1952, 26, 1952),
(1953, 26, 1953),
(1954, 26, 1954),
(1955, 26, 1955),
(1956, 26, 1956),
(1957, 26, 1957),
(1958, 26, 1958),
(1959, 26, 1959),
(1960, 26, 1960),
(1961, 26, 1961),
(1962, 27, 1962),
(1963, 27, 1963),
(1964, 27, 1964),
(1965, 27, 1965),
(1966, 27, 1966),
(1967, 27, 1967),
(1968, 27, 1968),
(1969, 27, 1969),
(1970, 27, 1970),
(1971, 27, 1971),
(1972, 27, 1972),
(1973, 27, 1973),
(1974, 27, 1974),
(1975, 27, 1975),
(1976, 27, 1976),
(1977, 27, 1977),
(1978, 27, 1978),
(1979, 28, 1979),
(1980, 28, 1980),
(1981, 28, 1981),
(1982, 28, 1982),
(1983, 28, 1983),
(1984, 28, 1984),
(1985, 28, 1985),
(1986, 28, 1986),
(1987, 28, 1987),
(1988, 28, 1988),
(1989, 28, 1989),
(1990, 28, 1990),
(1991, 28, 1991),
(1992, 28, 1992),
(1993, 28, 1993),
(1994, 28, 1994),
(1995, 28, 1995),
(1996, 28, 1996),
(1997, 28, 1997),
(1998, 28, 1998),
(1999, 28, 1999),
(2000, 28, 2000),
(2001, 28, 2001),
(2002, 28, 2002),
(2003, 28, 2003),
(2004, 28, 2004),
(2005, 28, 2005),
(2006, 28, 2006),
(2007, 28, 2007),
(2008, 28, 2008),
(2009, 28, 2009),
(2010, 28, 2010),
(2011, 28, 2011),
(2012, 28, 2012),
(2013, 28, 2013),
(2014, 28, 2014),
(2015, 28, 2015),
(2016, 28, 2016),
(2017, 28, 2017),
(2018, 28, 2018),
(2019, 28, 2019),
(2020, 28, 2020),
(2021, 28, 2021),
(2022, 29, 2022),
(2023, 29, 2023),
(2024, 29, 2024),
(2025, 29, 2025),
(2026, 29, 2026),
(2027, 29, 2027),
(2028, 29, 2028),
(2029, 29, 2029),
(2030, 29, 2030),
(2031, 29, 2031),
(2032, 29, 2032),
(2033, 29, 2033),
(2034, 29, 2034),
(2035, 29, 2035),
(2036, 29, 2036),
(2037, 29, 2037),
(2038, 29, 2038),
(2039, 29, 2039),
(2040, 29, 2040),
(2041, 29, 2041),
(2042, 29, 2042),
(2043, 29, 2043),
(2044, 29, 2044),
(2045, 29, 2045),
(2046, 29, 2046),
(2047, 29, 2047),
(2048, 29, 2048),
(2049, 29, 2049),
(2050, 29, 2050),
(2051, 29, 2051),
(2052, 29, 2052),
(2053, 29, 2053),
(2054, 29, 2054),
(2055, 29, 2055),
(2056, 29, 2056),
(2057, 29, 2057),
(2058, 29, 2058),
(2059, 29, 2059),
(2060, 29, 2060),
(2061, 29, 2061),
(2062, 29, 2062),
(2063, 29, 2063),
(2064, 29, 2064),
(2065, 29, 2065),
(2066, 29, 2066),
(2067, 29, 2067),
(2068, 29, 2068),
(2069, 29, 2069),
(2070, 29, 2070),
(2071, 29, 2071),
(2072, 29, 2072),
(2073, 29, 2073),
(2074, 29, 2074),
(2075, 29, 2075),
(2076, 29, 2076),
(2077, 29, 2077),
(2078, 29, 2078),
(2079, 29, 2079),
(2080, 29, 2080),
(2081, 29, 2081),
(2082, 30, 2082),
(2083, 30, 2083),
(2084, 30, 2084),
(2085, 30, 2085),
(2086, 30, 2086),
(2087, 30, 2087),
(2088, 30, 2088),
(2089, 30, 2089),
(2090, 30, 2090),
(2091, 30, 2091),
(2092, 30, 2092),
(2093, 30, 2093),
(2094, 30, 2094),
(2095, 30, 2095),
(2096, 30, 2096),
(2097, 30, 2097),
(2098, 30, 2098),
(2099, 30, 2099),
(2100, 30, 2100),
(2101, 30, 2101),
(2102, 30, 2102),
(2103, 30, 2103),
(2104, 30, 2104),
(2105, 30, 2105),
(2106, 30, 2106),
(2107, 30, 2107),
(2108, 30, 2108),
(2109, 30, 2109),
(2110, 30, 2110),
(2111, 30, 2111),
(2112, 30, 2112),
(2113, 30, 2113),
(2114, 30, 2114),
(2115, 30, 2115),
(2116, 30, 2116),
(2117, 30, 2117),
(2118, 30, 2118),
(2119, 30, 2119),
(2120, 30, 2120),
(2121, 30, 2121),
(2122, 30, 2122),
(2123, 30, 2123),
(2124, 30, 2124),
(2125, 30, 2125),
(2126, 30, 2126),
(2127, 30, 2127),
(2128, 30, 2128),
(2129, 30, 2129),
(2130, 30, 2130),
(2131, 30, 2131),
(2132, 30, 2132),
(2133, 30, 2133),
(2134, 30, 2134),
(2135, 30, 2135),
(2136, 30, 2136),
(2137, 30, 2137),
(2138, 30, 2138),
(2139, 30, 2139),
(2140, 30, 2140),
(2141, 30, 2141),
(2142, 30, 2142),
(2143, 30, 2143),
(2144, 30, 2144),
(2145, 30, 2145),
(2146, 30, 2146),
(2147, 30, 2147),
(2148, 30, 2148),
(2149, 30, 2149),
(2150, 30, 2150),
(2151, 30, 2151),
(2152, 30, 2152),
(2153, 30, 2153),
(2154, 30, 2154),
(2155, 30, 2155),
(2156, 30, 2156),
(2157, 30, 2157),
(2158, 30, 2158),
(2159, 30, 2159),
(2160, 30, 2160),
(2161, 30, 2161),
(2162, 30, 2162),
(2163, 30, 2163),
(2164, 30, 2164),
(2165, 30, 2165),
(2166, 30, 2166),
(2167, 30, 2167),
(2168, 30, 2168),
(2169, 30, 2169),
(2170, 30, 2170),
(2171, 30, 2171),
(2172, 30, 2172),
(2173, 30, 2173),
(2174, 30, 2174),
(2175, 30, 2175),
(2176, 30, 2176),
(2177, 30, 2177),
(2178, 30, 2178),
(2179, 30, 2179),
(2180, 30, 2180),
(2181, 30, 2181),
(2182, 30, 2182),
(2183, 30, 2183),
(2184, 30, 2184),
(2185, 30, 2185),
(2186, 30, 2186),
(2187, 30, 2187),
(2188, 30, 2188),
(2189, 30, 2189),
(2190, 30, 2190),
(2191, 30, 2191),
(2192, 30, 2192),
(2193, 30, 2193),
(2194, 30, 2194),
(2195, 30, 2195),
(2196, 30, 2196),
(2197, 30, 2197),
(2198, 30, 2198),
(2199, 30, 2199),
(2200, 30, 2200),
(2201, 30, 2201),
(2202, 30, 2202),
(2203, 30, 2203),
(2204, 30, 2204),
(2205, 30, 2205),
(2206, 30, 2206),
(2207, 30, 2207),
(2208, 30, 2208),
(2209, 30, 2209),
(2210, 30, 2210),
(2211, 30, 2211),
(2212, 30, 2212),
(2213, 30, 2213),
(2214, 30, 2214),
(2215, 30, 2215),
(2216, 30, 2216),
(2217, 30, 2217),
(2218, 30, 2218),
(2219, 30, 2219),
(2220, 30, 2220),
(2221, 30, 2221),
(2222, 30, 2222),
(2223, 30, 2223),
(2224, 30, 2224),
(2225, 30, 2225),
(2226, 30, 2226),
(2227, 30, 2227),
(2228, 30, 2228),
(2229, 30, 2229),
(2230, 30, 2230),
(2231, 30, 2231),
(2232, 30, 2232),
(2233, 30, 2233),
(2234, 30, 2234),
(2235, 30, 2235),
(2236, 30, 2236),
(2237, 30, 2237),
(2238, 30, 2238),
(2239, 30, 2239),
(2240, 30, 2240),
(2241, 30, 2241),
(2242, 30, 2242),
(2243, 30, 2243),
(2244, 30, 2244),
(2245, 30, 2245),
(2246, 30, 2246),
(2247, 30, 2247),
(2248, 30, 2248),
(2249, 30, 2249),
(2250, 30, 2250),
(2251, 30, 2251),
(2252, 30, 2252),
(2253, 30, 2253),
(2254, 30, 2254),
(2255, 30, 2255),
(2256, 30, 2256),
(2257, 30, 2257),
(2258, 30, 2258),
(2259, 30, 2259),
(2260, 30, 2260),
(2261, 30, 2261),
(2262, 30, 2262),
(2263, 30, 2263),
(2264, 30, 2264),
(2265, 30, 2265),
(2266, 30, 2266),
(2267, 30, 2267),
(2268, 30, 2268),
(2269, 30, 2269),
(2270, 30, 2270),
(2271, 30, 2271),
(2272, 30, 2272),
(2273, 30, 2273),
(2274, 30, 2274),
(2275, 30, 2275),
(2276, 30, 2276),
(2277, 30, 2277),
(2278, 30, 2278),
(2279, 30, 2279),
(2280, 30, 2280),
(2281, 30, 2281),
(2282, 30, 2282),
(2283, 30, 2283),
(2284, 30, 2284),
(2285, 30, 2285),
(2286, 30, 2286),
(2287, 30, 2287),
(2288, 30, 2288),
(2289, 30, 2289),
(2290, 30, 2290),
(2291, 30, 2291),
(2292, 30, 2292),
(2293, 30, 2293),
(2294, 31, 2294),
(2295, 31, 2295),
(2296, 31, 2296),
(2297, 31, 2297),
(2298, 31, 2298),
(2299, 31, 2299),
(2300, 31, 2300),
(2301, 31, 2301),
(2302, 31, 2302),
(2303, 31, 2303),
(2304, 31, 2304),
(2305, 31, 2305),
(2306, 31, 2306),
(2307, 31, 2307),
(2308, 31, 2308),
(2309, 31, 2309),
(2310, 31, 2310),
(2311, 31, 2311),
(2312, 31, 2312),
(2313, 31, 2313),
(2314, 31, 2314),
(2315, 31, 2315),
(2316, 31, 2316),
(2317, 31, 2317),
(2318, 31, 2318),
(2319, 31, 2319),
(2320, 31, 2320),
(2321, 31, 2321),
(2322, 31, 2322),
(2323, 31, 2323),
(2324, 31, 2324),
(2325, 31, 2325),
(2326, 31, 2326),
(2327, 31, 2327),
(2328, 31, 2328),
(2329, 31, 2329),
(2330, 31, 2330),
(2331, 31, 2331),
(2332, 31, 2332),
(2333, 31, 2333),
(2334, 31, 2334),
(2335, 31, 2335),
(2336, 31, 2336),
(2337, 31, 2337),
(2338, 31, 2338),
(2339, 31, 2339),
(2340, 31, 2340),
(2341, 31, 2341),
(2342, 31, 2342),
(2343, 31, 2343),
(2344, 31, 2344),
(2345, 31, 2345),
(2346, 31, 2346),
(2347, 31, 2347),
(2348, 31, 2348),
(2349, 31, 2349),
(2350, 31, 2350),
(2351, 31, 2351),
(2352, 31, 2352),
(2353, 31, 2353),
(2354, 31, 2354),
(2355, 31, 2355),
(2356, 31, 2356),
(2357, 31, 2357),
(2358, 31, 2358),
(2359, 31, 2359),
(2360, 31, 2360),
(2361, 31, 2361),
(2362, 31, 2362),
(2363, 31, 2363),
(2364, 31, 2364),
(2365, 31, 2365),
(2366, 31, 2366),
(2367, 31, 2367),
(2368, 31, 2368),
(2369, 31, 2369),
(2370, 31, 2370),
(2371, 31, 2371),
(2372, 31, 2372),
(2373, 31, 2373),
(2374, 31, 2374),
(2375, 31, 2375),
(2376, 31, 2376),
(2377, 31, 2377),
(2378, 31, 2378),
(2379, 31, 2379),
(2380, 31, 2380),
(2381, 31, 2381),
(2382, 31, 2382),
(2383, 31, 2383),
(2384, 31, 2384),
(2385, 31, 2385),
(2386, 31, 2386),
(2387, 31, 2387),
(2388, 31, 2388),
(2389, 31, 2389),
(2390, 31, 2390),
(2391, 31, 2391),
(2392, 31, 2392),
(2393, 31, 2393),
(2394, 31, 2394),
(2395, 31, 2395),
(2396, 31, 2396),
(2397, 31, 2397),
(2398, 31, 2398),
(2399, 31, 2399),
(2400, 32, 2400),
(2401, 32, 2401),
(2402, 32, 2402),
(2403, 32, 2403),
(2404, 32, 2404),
(2405, 32, 2405),
(2406, 32, 2406),
(2407, 32, 2407),
(2408, 32, 2408),
(2409, 32, 2409),
(2410, 32, 2410),
(2411, 32, 2411),
(2412, 32, 2412),
(2413, 32, 2413),
(2414, 32, 2414),
(2415, 32, 2415),
(2416, 32, 2416),
(2417, 32, 2417),
(2418, 32, 2418),
(2419, 32, 2419),
(2420, 32, 2420),
(2421, 32, 2421),
(2422, 32, 2422),
(2423, 32, 2423),
(2424, 32, 2424),
(2425, 32, 2425),
(2426, 32, 2426),
(2427, 32, 2427),
(2428, 32, 2428),
(2429, 32, 2429),
(2430, 32, 2430),
(2431, 32, 2431),
(2432, 32, 2432),
(2433, 32, 2433),
(2434, 32, 2434),
(2435, 32, 2435),
(2436, 32, 2436),
(2437, 32, 2437),
(2438, 32, 2438),
(2439, 32, 2439),
(2440, 32, 2440),
(2441, 32, 2441),
(2442, 32, 2442),
(2443, 32, 2443),
(2444, 32, 2444),
(2445, 32, 2445),
(2446, 32, 2446),
(2447, 32, 2447),
(2448, 32, 2448),
(2449, 32, 2449),
(2450, 32, 2450),
(2451, 32, 2451),
(2452, 32, 2452),
(2453, 32, 2453),
(2454, 32, 2454),
(2455, 32, 2455),
(2456, 32, 2456),
(2457, 32, 2457);

-- --------------------------------------------------------

--
-- Table structure for table `municipios`
--

CREATE TABLE `municipios` (
  `id` int(11) NOT NULL,
  `municipio` varchar(100) NOT NULL
) ENGINE=InnoDB DEFAULT CHARSET=latin1;

--
-- Dumping data for table `municipios`
--

INSERT INTO `municipios` (`id`, `municipio`) VALUES
(1, 'Aguascalientes'),
(2, 'San Francisco de los Romo'),
(3, 'El Llano'),
(4, 'Rincón de Romos'),
(5, 'Cosío'),
(6, 'San José de Gracia'),
(7, 'Tepezalá'),
(8, 'Pabellón de Arteaga'),
(9, 'Asientos'),
(10, 'Calvillo'),
(11, 'Jesús María'),
(12, 'Mexicali'),
(13, 'Tecate'),
(14, 'Tijuana'),
(15, 'Playas de Rosarito'),
(16, 'Ensenada'),
(17, 'La Paz'),
(18, 'Los Cabos'),
(19, 'Comondú'),
(20, 'Loreto'),
(21, 'Mulegé'),
(22, 'Campeche'),
(23, 'Carmen'),
(24, 'Palizada'),
(25, 'Candelaria'),
(26, 'Escárcega'),
(27, 'Champotón'),
(28, 'Hopelchén'),
(29, 'Calakmul'),
(30, 'Tenabo'),
(31, 'Hecelchakán'),
(32, 'Calkiní'),
(33, 'Saltillo'),
(34, 'Arteaga'),
(35, 'Juárez'),
(36, 'Progreso'),
(37, 'Escobedo'),
(38, 'San Buenaventura'),
(39, 'Abasolo'),
(40, 'Candela'),
(41, 'Frontera'),
(42, 'Monclova'),
(43, 'Castaños'),
(44, 'Ramos Arizpe'),
(45, 'General Cepeda'),
(46, 'Piedras Negras'),
(47, 'Nava'),
(48, 'Acuña'),
(49, 'Múzquiz'),
(50, 'Jiménez'),
(51, 'Zaragoza'),
(52, 'Morelos'),
(53, 'Allende'),
(54, 'Villa Unión'),
(55, 'Guerrero'),
(56, 'Hidalgo'),
(57, 'Sabinas'),
(58, 'San Juan de Sabinas'),
(59, 'Torreón'),
(60, 'Matamoros'),
(61, 'Viesca'),
(62, 'Ocampo'),
(63, 'Nadadores'),
(64, 'Sierra Mojada'),
(65, 'Cuatro Ciénegas'),
(66, 'Lamadrid'),
(67, 'Sacramento'),
(68, 'San Pedro'),
(69, 'Francisco I. Madero'),
(70, 'Parras'),
(71, 'Colima'),
(72, 'Tecomán'),
(73, 'Manzanillo'),
(74, 'Armería'),
(75, 'Coquimatlán'),
(76, 'Comala'),
(77, 'Cuauhtémoc'),
(78, 'Ixtlahuacán'),
(79, 'Minatitlán'),
(80, 'Villa de Álvarez'),
(81, 'Tuxtla Gutiérrez'),
(82, 'San Fernando'),
(83, 'Berriozábal'),
(84, 'Ocozocoautla de Espinosa'),
(85, 'Suchiapa'),
(86, 'Chiapa de Corzo'),
(87, 'Osumacinta'),
(88, 'San Cristóbal de las Casas'),
(89, 'Chamula'),
(90, 'Ixtapa'),
(91, 'Zinacantán'),
(92, 'Acala'),
(93, 'Chiapilla'),
(94, 'San Lucas'),
(95, 'Teopisca'),
(96, 'Amatenango del Valle'),
(97, 'Chanal'),
(98, 'Oxchuc'),
(99, 'Huixtán'),
(100, 'Tenejapa'),
(101, 'Mitontic'),
(102, 'Reforma'),
(103, 'Juárez'),
(104, 'Pichucalco'),
(105, 'Sunuapa'),
(106, 'Ostuacán'),
(107, 'Francisco León'),
(108, 'Ixtacomitán'),
(109, 'Solosuchiapa'),
(110, 'Ixtapangajoya'),
(111, 'Tecpatán'),
(112, 'Copainalá'),
(113, 'Chicoasén'),
(114, 'Coapilla'),
(115, 'Pantepec'),
(116, 'Tapalapa'),
(117, 'Ocotepec'),
(118, 'Chapultenango'),
(119, 'Amatán'),
(120, 'Huitiupán'),
(121, 'Ixhuatán'),
(122, 'Tapilula'),
(123, 'Rayón'),
(124, 'Pueblo Nuevo Solistahuacán'),
(125, 'Jitotol'),
(126, 'Bochil'),
(127, 'Soyaló'),
(128, 'San Juan Cancuc'),
(129, 'Sabanilla'),
(130, 'Simojovel'),
(131, 'San Andrés Duraznal'),
(132, 'El Bosque'),
(133, 'Chalchihuitán'),
(134, 'Larráinzar'),
(135, 'Santiago el Pinar'),
(136, 'Chenalhó'),
(137, 'Aldama'),
(138, 'Pantelhó'),
(139, 'Sitalá'),
(140, 'Salto de Agua'),
(141, 'Tila'),
(142, 'Tumbalá'),
(143, 'Yajalón'),
(144, 'Ocosingo'),
(145, 'Chilón'),
(146, 'Benemérito de las Américas'),
(147, 'Marqués de Comillas'),
(148, 'Palenque'),
(149, 'La Libertad'),
(150, 'Catazajá'),
(151, 'Comitán de Domínguez'),
(152, 'Tzimol'),
(153, 'Chicomuselo'),
(154, 'Bella Vista'),
(155, 'Frontera Comalapa'),
(156, 'La Trinitaria'),
(157, 'La Independencia'),
(158, 'Maravilla Tenejapa'),
(159, 'Las Margaritas'),
(160, 'Altamirano'),
(161, 'Venustiano Carranza'),
(162, 'Totolapa'),
(163, 'Nicolás Ruíz'),
(164, 'Las Rosas'),
(165, 'La Concordia'),
(166, 'Angel Albino Corzo'),
(167, 'Montecristo de Guerrero'),
(168, 'Socoltenango'),
(169, 'Cintalapa'),
(170, 'Jiquipilas'),
(171, 'Arriaga'),
(172, 'Villaflores'),
(173, 'Tonalá'),
(174, 'Villa Corzo'),
(175, 'Pijijiapan'),
(176, 'Mapastepec'),
(177, 'Acapetahua'),
(178, 'Acacoyagua'),
(179, 'Escuintla'),
(180, 'Villa Comaltitlán'),
(181, 'Huixtla'),
(182, 'Mazatán'),
(183, 'Huehuetán'),
(184, 'Tuzantán'),
(185, 'Tapachula'),
(186, 'Suchiate'),
(187, 'Frontera Hidalgo'),
(188, 'Metapa'),
(189, 'Tuxtla Chico'),
(190, 'Unión Juárez'),
(191, 'Cacahoatán'),
(192, 'Motozintla'),
(193, 'Mazapa de Madero'),
(194, 'Amatenango de la Frontera'),
(195, 'Bejucal de Ocampo'),
(196, 'La Grandeza'),
(197, 'El Porvenir'),
(198, 'Siltepec'),
(199, 'Chihuahua'),
(200, 'Cuauhtémoc'),
(201, 'Riva Palacio'),
(202, 'Aquiles Serdán'),
(203, 'Bachíniva'),
(204, 'Guerrero'),
(205, 'Nuevo Casas Grandes'),
(206, 'Ascensión'),
(207, 'Janos'),
(208, 'Casas Grandes'),
(209, 'Galeana'),
(210, 'Buenaventura'),
(211, 'Gómez Farías'),
(212, 'Ignacio Zaragoza'),
(213, 'Madera'),
(214, 'Namiquipa'),
(215, 'Temósachic'),
(216, 'Matachí'),
(217, 'Juárez'),
(218, 'Guadalupe'),
(219, 'Praxedis G. Guerrero'),
(220, 'Ahumada'),
(221, 'Coyame del Sotol'),
(222, 'Ojinaga'),
(223, 'Aldama'),
(224, 'Julimes'),
(225, 'Manuel Benavides'),
(226, 'Delicias'),
(227, 'Rosales'),
(228, 'Meoqui'),
(229, 'Dr. Belisario Domínguez'),
(230, 'Satevó'),
(231, 'San Francisco de Borja'),
(232, 'Nonoava'),
(233, 'Guachochi'),
(234, 'Bocoyna'),
(235, 'Cusihuiriachi'),
(236, 'Gran Morelos'),
(237, 'Santa Isabel'),
(238, 'Carichí'),
(239, 'Uruachi'),
(240, 'Ocampo'),
(241, 'Moris'),
(242, 'Chínipas'),
(243, 'Maguarichi'),
(244, 'Guazapares'),
(245, 'Batopilas'),
(246, 'Urique'),
(247, 'Morelos'),
(248, 'Guadalupe y Calvo'),
(249, 'San Francisco del Oro'),
(250, 'Rosario'),
(251, 'Huejotitán'),
(252, 'El Tule'),
(253, 'Balleza'),
(254, 'Santa Bárbara'),
(255, 'Camargo'),
(256, 'Saucillo'),
(257, 'Valle de Zaragoza'),
(258, 'La Cruz'),
(259, 'San Francisco de Conchos'),
(260, 'Hidalgo del Parral'),
(261, 'Allende'),
(262, 'López'),
(263, 'Matamoros'),
(264, 'Jiménez'),
(265, 'Coronado'),
(266, 'Álvaro Obregón'),
(267, 'Azcapotzalco'),
(268, 'Benito Juárez'),
(269, 'Coyoacán'),
(270, 'Cuajimalpa de Morelos'),
(271, 'Cuauhtémoc'),
(272, 'Gustavo A. Madero'),
(273, 'Iztacalco'),
(274, 'Iztapalapa'),
(275, 'La Magdalena Contreras'),
(276, 'Miguel Hidalgo'),
(277, 'Milpa Alta'),
(278, 'Tláhuac'),
(279, 'Tlalpan'),
(280, 'Venustiano Carranza'),
(281, 'Xochimilco'),
(282, 'Durango'),
(283, 'Canatlán'),
(284, 'Nuevo Ideal'),
(285, 'Coneto de Comonfort'),
(286, 'San Juan del Río'),
(287, 'Canelas'),
(288, 'Topia'),
(289, 'Tamazula'),
(290, 'Santiago Papasquiaro'),
(291, 'Otáez'),
(292, 'San Dimas'),
(293, 'Guadalupe Victoria'),
(294, 'Peñón Blanco'),
(295, 'Pánuco de Coronado'),
(296, 'Poanas'),
(297, 'Nombre de Dios'),
(298, 'Vicente Guerrero'),
(299, 'Súchil'),
(300, 'Pueblo Nuevo'),
(301, 'Mezquital'),
(302, 'Gómez Palacio'),
(303, 'Lerdo'),
(304, 'Mapimí'),
(305, 'Tlahualilo'),
(306, 'Hidalgo'),
(307, 'Ocampo'),
(308, 'Guanaceví'),
(309, 'San Bernardo'),
(310, 'Indé'),
(311, 'San Pedro del Gallo'),
(312, 'Tepehuanes'),
(313, 'El Oro'),
(314, 'Nazas'),
(315, 'San Luis del Cordero'),
(316, 'Rodeo'),
(317, 'Cuencamé'),
(318, 'Santa Clara'),
(319, 'San Juan de Guadalupe'),
(320, 'General Simón Bolívar'),
(321, 'Guanajuato'),
(322, 'Silao de la Victoria'),
(323, 'Romita'),
(324, 'San Francisco del Rincón'),
(325, 'Purísima del Rincón'),
(326, 'Manuel Doblado'),
(327, 'Irapuato'),
(328, 'Salamanca'),
(329, 'Pueblo Nuevo'),
(330, 'Pénjamo'),
(331, 'Cuerámaro'),
(332, 'Abasolo'),
(333, 'Huanímaro'),
(334, 'León'),
(335, 'San Felipe'),
(336, 'Ocampo'),
(337, 'San Miguel de Allende'),
(338, 'Dolores Hidalgo Cuna de la Independencia Nacional'),
(339, 'San Diego de la Unión'),
(340, 'San Luis de la Paz'),
(341, 'Victoria'),
(342, 'Xichú'),
(343, 'Atarjea'),
(344, 'Santa Catarina'),
(345, 'Doctor Mora'),
(346, 'Tierra Blanca'),
(347, 'San José Iturbide'),
(348, 'Celaya'),
(349, 'Apaseo el Grande'),
(350, 'Comonfort'),
(351, 'Santa Cruz de Juventino Rosas'),
(352, 'Villagrán'),
(353, 'Cortazar'),
(354, 'Valle de Santiago'),
(355, 'Jaral del Progreso'),
(356, 'Apaseo el Alto'),
(357, 'Jerécuaro'),
(358, 'Coroneo'),
(359, 'Acámbaro'),
(360, 'Tarimoro'),
(361, 'Tarandacuao'),
(362, 'Moroleón'),
(363, 'Salvatierra'),
(364, 'Yuriria'),
(365, 'Santiago Maravatío'),
(366, 'Uriangato'),
(367, 'Chilpancingo de los Bravo'),
(368, 'General Heliodoro Castillo'),
(369, 'Leonardo Bravo'),
(370, 'Tixtla de Guerrero'),
(371, 'Ayutla de los Libres'),
(372, 'Mochitlán'),
(373, 'Quechultenango'),
(374, 'Tecoanapa'),
(375, 'Acapulco de Juárez'),
(376, 'Juan R. Escudero'),
(377, 'San Marcos'),
(378, 'Iguala de la Independencia'),
(379, 'Huitzuco de los Figueroa'),
(380, 'Tepecoacuilco de Trujano'),
(381, 'Eduardo Neri'),
(382, 'Taxco de Alarcón'),
(383, 'Buenavista de Cuéllar'),
(384, 'Tetipac'),
(385, 'Pilcaya'),
(386, 'Teloloapan'),
(387, 'Ixcateopan de Cuauhtémoc'),
(388, 'Pedro Ascencio Alquisiras'),
(389, 'General Canuto A. Neri'),
(390, 'Arcelia'),
(391, 'Apaxtla'),
(392, 'Cuetzala del Progreso'),
(393, 'Cocula'),
(394, 'Tlapehuala'),
(395, 'Cutzamala de Pinzón'),
(396, 'Pungarabato'),
(397, 'Tlalchapa'),
(398, 'Coyuca de Catalán'),
(399, 'Ajuchitlán del Progreso'),
(400, 'Zirándaro'),
(401, 'San Miguel Totolapan'),
(402, 'La Unión de Isidoro Montes de Oca'),
(403, 'Petatlán'),
(404, 'Coahuayutla de José María Izazaga'),
(405, 'Zihuatanejo de Azueta'),
(406, 'Técpan de Galeana'),
(407, 'Atoyac de Álvarez'),
(408, 'Benito Juárez'),
(409, 'Coyuca de Benítez'),
(410, 'Olinalá'),
(411, 'Atenango del Río'),
(412, 'Copalillo'),
(413, 'Cualác'),
(414, 'Chilapa de Álvarez'),
(415, 'José Joaquín de Herrera'),
(416, 'Ahuacuotzingo'),
(417, 'Zitlala'),
(418, 'Mártir de Cuilapan'),
(419, 'Huamuxtitlán'),
(420, 'Xochihuehuetlán'),
(421, 'Alpoyeca'),
(422, 'Tlapa de Comonfort'),
(423, 'Tlalixtaquilla de Maldonado'),
(424, 'Xalpatláhuac'),
(425, 'Zapotitlán Tablas'),
(426, 'Acatepec'),
(427, 'Atlixtac'),
(428, 'Copanatoyac'),
(429, 'Malinaltepec'),
(430, 'Iliatenco'),
(431, 'Tlacoapa'),
(432, 'Atlamajalcingo del Monte'),
(433, 'San Luis Acatlán'),
(434, 'Metlatónoc'),
(435, 'Cochoapa el Grande'),
(436, 'Alcozauca de Guerrero'),
(437, 'Ometepec'),
(438, 'Tlacoachistlahuaca'),
(439, 'Xochistlahuaca'),
(440, 'Florencio Villarreal'),
(441, 'Cuautepec'),
(442, 'Copala'),
(443, 'Azoyú'),
(444, 'Juchitán'),
(445, 'Marquelia'),
(446, 'Cuajinicuilapa'),
(447, 'Igualapa'),
(448, 'Pachuca de Soto'),
(449, 'Mineral del Chico'),
(450, 'Mineral del Monte'),
(451, 'Ajacuba'),
(452, 'San Agustín Tlaxiaca'),
(453, 'Mineral de la Reforma'),
(454, 'Zapotlán de Juárez'),
(455, 'Jacala de Ledezma'),
(456, 'Pisaflores'),
(457, 'Pacula'),
(458, 'La Misión'),
(459, 'Chapulhuacán'),
(460, 'Ixmiquilpan'),
(461, 'Zimapán'),
(462, 'Nicolás Flores'),
(463, 'Cardonal'),
(464, 'Tasquillo'),
(465, 'Alfajayucan'),
(466, 'Huichapan'),
(467, 'Tecozautla'),
(468, 'Nopala de Villagrán'),
(469, 'Actopan'),
(470, 'Santiago de Anaya'),
(471, 'San Salvador'),
(472, 'Francisco I. Madero'),
(473, 'El Arenal'),
(474, 'Mixquiahuala de Juárez'),
(475, 'Progreso de Obregón'),
(476, 'Chilcuautla'),
(477, 'Tezontepec de Aldama'),
(478, 'Tlahuelilpan'),
(479, 'Tula de Allende'),
(480, 'Tepeji del Río de Ocampo'),
(481, 'Chapantongo'),
(482, 'Tepetitlán'),
(483, 'Tetepango'),
(484, 'Tlaxcoapan'),
(485, 'Atitalaquia'),
(486, 'Atotonilco de Tula'),
(487, 'Huejutla de Reyes'),
(488, 'San Felipe Orizatlán'),
(489, 'Jaltocán'),
(490, 'Huautla'),
(491, 'Atlapexco'),
(492, 'Huazalingo'),
(493, 'Yahualica'),
(494, 'Xochiatipan'),
(495, 'Molango de Escamilla'),
(496, 'Tepehuacán de Guerrero'),
(497, 'Lolotla'),
(498, 'Tlanchinol'),
(499, 'Tlahuiltepa'),
(500, 'Juárez Hidalgo'),
(501, 'Zacualtipán de Ángeles'),
(502, 'Calnali'),
(503, 'Xochicoatlán'),
(504, 'Tianguistengo'),
(505, 'Atotonilco el Grande'),
(506, 'Eloxochitlán'),
(507, 'Metztitlán'),
(508, 'San Agustín Metzquititlán'),
(509, 'Metepec'),
(510, 'Huehuetla'),
(511, 'San Bartolo Tutotepec'),
(512, 'Agua Blanca de Iturbide'),
(513, 'Tenango de Doria'),
(514, 'Huasca de Ocampo'),
(515, 'Acatlán'),
(516, 'Omitlán de Juárez'),
(517, 'Epazoyucan'),
(518, 'Tulancingo de Bravo'),
(519, 'Acaxochitlán'),
(520, 'Cuautepec de Hinojosa'),
(521, 'Santiago Tulantepec de Lugo Guerrero'),
(522, 'Singuilucan'),
(523, 'Tizayuca'),
(524, 'Zempoala'),
(525, 'Tolcayuca'),
(526, 'Villa de Tezontepec'),
(527, 'Apan'),
(528, 'Tlanalapa'),
(529, 'Almoloya'),
(530, 'Emiliano Zapata'),
(531, 'Tepeapulco'),
(532, 'Guadalajara'),
(533, 'Zapopan'),
(534, 'San Cristóbal de la Barranca'),
(535, 'Ixtlahuacán del Río'),
(536, 'Tala'),
(537, 'El Arenal'),
(538, 'Amatitán'),
(539, 'Tonalá'),
(540, 'Zapotlanejo'),
(541, 'Acatic'),
(542, 'Cuquío'),
(543, 'San Pedro Tlaquepaque'),
(544, 'Tlajomulco de Zúñiga'),
(545, 'El Salto'),
(546, 'Acatlán de Juárez'),
(547, 'Villa Corona'),
(548, 'Zacoalco de Torres'),
(549, 'Atemajac de Brizuela'),
(550, 'Jocotepec'),
(551, 'Ixtlahuacán de los Membrillos'),
(552, 'Juanacatlán'),
(553, 'Chapala'),
(554, 'Poncitlán'),
(555, 'Zapotlán del Rey'),
(556, 'Huejuquilla el Alto'),
(557, 'Mezquitic'),
(558, 'Villa Guerrero'),
(559, 'Bolaños'),
(560, 'Totatiche'),
(561, 'Colotlán'),
(562, 'Santa María de los Ángeles'),
(563, 'Huejúcar'),
(564, 'Chimaltitán'),
(565, 'San Martín de Bolaños'),
(566, 'Tequila'),
(567, 'Hostotipaquillo'),
(568, 'Magdalena'),
(569, 'Etzatlán'),
(570, 'San Marcos'),
(571, 'San Juanito de Escobedo'),
(572, 'Ameca'),
(573, 'Ahualulco de Mercado'),
(574, 'Teuchitlán'),
(575, 'San Martín Hidalgo'),
(576, 'Guachinango'),
(577, 'Mixtlán'),
(578, 'Mascota'),
(579, 'San Sebastián del Oeste'),
(580, 'San Juan de los Lagos'),
(581, 'Jalostotitlán'),
(582, 'San Miguel el Alto'),
(583, 'San Julián'),
(584, 'Arandas'),
(585, 'San Ignacio Cerro Gordo'),
(586, 'Teocaltiche'),
(587, 'Villa Hidalgo'),
(588, 'Encarnación de Díaz'),
(589, 'Yahualica de González Gallo'),
(590, 'Mexticacán'),
(591, 'Cañadas de Obregón'),
(592, 'Valle de Guadalupe'),
(593, 'Lagos de Moreno'),
(594, 'Ojuelos de Jalisco'),
(595, 'Unión de San Antonio'),
(596, 'San Diego de Alejandría'),
(597, 'Tepatitlán de Morelos'),
(598, 'Tototlán'),
(599, 'Atotonilco el Alto'),
(600, 'Ocotlán'),
(601, 'Jamay'),
(602, 'La Barca'),
(603, 'Ayotlán'),
(604, 'Jesús María'),
(605, 'Degollado'),
(606, 'Unión de Tula'),
(607, 'Ayutla'),
(608, 'Atenguillo'),
(609, 'Cuautla'),
(610, 'Atengo'),
(611, 'Talpa de Allende'),
(612, 'Puerto Vallarta'),
(613, 'Cabo Corrientes'),
(614, 'Tomatlán'),
(615, 'Cocula'),
(616, 'Tecolotlán'),
(617, 'Tenamaxtlán'),
(618, 'Juchitlán'),
(619, 'Chiquilistlán'),
(620, 'Ejutla'),
(621, 'El Limón'),
(622, 'El Grullo'),
(623, 'Tonaya'),
(624, 'Tuxcacuesco'),
(625, 'Villa Purificación'),
(626, 'La Huerta'),
(627, 'Autlán de Navarro'),
(628, 'Casimiro Castillo'),
(629, 'Cuautitlán de García Barragán'),
(630, 'Cihuatlán'),
(631, 'Zapotlán el Grande'),
(632, 'Gómez Farías'),
(633, 'Concepción de Buenos Aires'),
(634, 'Atoyac'),
(635, 'Techaluta de Montenegro'),
(636, 'Teocuitatlán de Corona'),
(637, 'Sayula'),
(638, 'Tapalpa'),
(639, 'Amacueca'),
(640, 'Tizapán el Alto'),
(641, 'Tuxcueca'),
(642, 'La Manzanilla de la Paz'),
(643, 'Mazamitla'),
(644, 'Valle de Juárez'),
(645, 'Quitupan'),
(646, 'Zapotiltic'),
(647, 'Tamazula de Gordiano'),
(648, 'San Gabriel'),
(649, 'Tolimán'),
(650, 'Zapotitlán de Vadillo'),
(651, 'Tuxpan'),
(652, 'Tonila'),
(653, 'Pihuamo'),
(654, 'Tecalitlán'),
(655, 'Jilotlán de los Dolores'),
(656, 'Santa María del Oro'),
(657, 'Toluca'),
(658, 'Acambay de Ruíz Castañeda'),
(659, 'Aculco'),
(660, 'Temascalcingo'),
(661, 'Atlacomulco'),
(662, 'Timilpan'),
(663, 'Morelos'),
(664, 'El Oro'),
(665, 'San Felipe del Progreso'),
(666, 'San José del Rincón'),
(667, 'Jocotitlán'),
(668, 'Ixtlahuaca'),
(669, 'Jiquipilco'),
(670, 'Temoaya'),
(671, 'Almoloya de Juárez'),
(672, 'Villa Victoria'),
(673, 'Villa de Allende'),
(674, 'Donato Guerra'),
(675, 'Ixtapan del Oro'),
(676, 'Santo Tomás'),
(677, 'Otzoloapan'),
(678, 'Zacazonapan'),
(679, 'Valle de Bravo'),
(680, 'Amanalco'),
(681, 'Temascaltepec'),
(682, 'Zinacantepec'),
(683, 'Tejupilco'),
(684, 'Luvianos'),
(685, 'San Simón de Guerrero'),
(686, 'Amatepec'),
(687, 'Tlatlaya'),
(688, 'Sultepec'),
(689, 'Texcaltitlán'),
(690, 'Coatepec Harinas'),
(691, 'Villa Guerrero'),
(692, 'Zacualpan'),
(693, 'Almoloya de Alquisiras'),
(694, 'Ixtapan de la Sal'),
(695, 'Tonatico'),
(696, 'Zumpahuacán'),
(697, 'Lerma'),
(698, 'Xonacatlán'),
(699, 'Otzolotepec'),
(700, 'San Mateo Atenco'),
(701, 'Metepec'),
(702, 'Mexicaltzingo'),
(703, 'Calimaya'),
(704, 'Chapultepec'),
(705, 'San Antonio la Isla'),
(706, 'Tenango del Valle'),
(707, 'Rayón'),
(708, 'Joquicingo'),
(709, 'Tenancingo'),
(710, 'Malinalco'),
(711, 'Ocuilan'),
(712, 'Atizapán'),
(713, 'Almoloya del Río'),
(714, 'Texcalyacac'),
(715, 'Tianguistenco'),
(716, 'Xalatlaco'),
(717, 'Capulhuac'),
(718, 'Ocoyoacac'),
(719, 'Huixquilucan'),
(720, 'Atizapán de Zaragoza'),
(721, 'Naucalpan de Juárez'),
(722, 'Tlalnepantla de Baz'),
(723, 'Polotitlán'),
(724, 'Jilotepec'),
(725, 'Soyaniquilpan de Juárez'),
(726, 'Villa del Carbón'),
(727, 'Chapa de Mota'),
(728, 'Nicolás Romero'),
(729, 'Isidro Fabela'),
(730, 'Jilotzingo'),
(731, 'Tepotzotlán'),
(732, 'Coyotepec'),
(733, 'Huehuetoca'),
(734, 'Cuautitlán Izcalli'),
(735, 'Teoloyucan'),
(736, 'Cuautitlán'),
(737, 'Melchor Ocampo'),
(738, 'Tultitlán'),
(739, 'Tultepec'),
(740, 'Ecatepec de Morelos'),
(741, 'Zumpango'),
(742, 'Tequixquiac'),
(743, 'Apaxco'),
(744, 'Hueypoxtla'),
(745, 'Coacalco de Berriozábal'),
(746, 'Tecámac'),
(747, 'Jaltenco'),
(748, 'Tonanitla'),
(749, 'Nextlalpan'),
(750, 'Teotihuacán'),
(751, 'San Martín de las Pirámides'),
(752, 'Acolman'),
(753, 'Otumba'),
(754, 'Axapusco'),
(755, 'Nopaltepec'),
(756, 'Temascalapa'),
(757, 'Tezoyuca'),
(758, 'Chiautla'),
(759, 'Papalotla'),
(760, 'Tepetlaoxtoc'),
(761, 'Texcoco'),
(762, 'Chiconcuac'),
(763, 'Atenco'),
(764, 'Chimalhuacán'),
(765, 'Chicoloapan'),
(766, 'La Paz'),
(767, 'Ixtapaluca'),
(768, 'Chalco'),
(769, 'Valle de Chalco Solidaridad'),
(770, 'Temamatla'),
(771, 'Cocotitlán'),
(772, 'Tlalmanalco'),
(773, 'Ayapango'),
(774, 'Tenango del Aire'),
(775, 'Ozumba'),
(776, 'Juchitepec'),
(777, 'Tepetlixpa'),
(778, 'Amecameca'),
(779, 'Atlautla'),
(780, 'Ecatzingo'),
(781, 'Nezahualcóyotl'),
(782, 'Morelia'),
(783, 'Huaniqueo'),
(784, 'Coeneo'),
(785, 'Quiroga'),
(786, 'Tzintzuntzan'),
(787, 'Lagunillas'),
(788, 'Acuitzio'),
(789, 'Madero'),
(790, 'Puruándiro'),
(791, 'José Sixto Verduzco'),
(792, 'Angamacutiro'),
(793, 'Panindícuaro'),
(794, 'Zacapu'),
(795, 'Tlazazalca'),
(796, 'Purépero'),
(797, 'Jiménez'),
(798, 'Morelos'),
(799, 'Huandacareo'),
(800, 'Cuitzeo'),
(801, 'Chucándiro'),
(802, 'Copándaro'),
(803, 'Tarímbaro'),
(804, 'Santa Ana Maya'),
(805, 'Álvaro Obregón'),
(806, 'Zinapécuaro'),
(807, 'Indaparapeo'),
(808, 'Queréndaro'),
(809, 'Sahuayo'),
(810, 'Briseñas'),
(811, 'Cojumatlán de Régules'),
(812, 'Venustiano Carranza'),
(813, 'Pajacuarán'),
(814, 'Vista Hermosa'),
(815, 'Tanhuato'),
(816, 'Yurécuaro'),
(817, 'Ixtlán'),
(818, 'La Piedad'),
(819, 'Numarán'),
(820, 'Churintzio'),
(821, 'Zináparo'),
(822, 'Penjamillo'),
(823, 'Marcos Castellanos'),
(824, 'Jiquilpan'),
(825, 'Villamar'),
(826, 'Chavinda'),
(827, 'Zamora'),
(828, 'Ecuandureo'),
(829, 'Tangancícuaro'),
(830, 'Chilchota'),
(831, 'Jacona'),
(832, 'Tangamandapio'),
(833, 'Cotija'),
(834, 'Tocumbo'),
(835, 'Tingüindín'),
(836, 'Uruapan'),
(837, 'Charapan'),
(838, 'Paracho'),
(839, 'Cherán'),
(840, 'Nahuatzen'),
(841, 'Tingambato'),
(842, 'Los Reyes'),
(843, 'Peribán'),
(844, 'Tancítaro'),
(845, 'Nuevo Parangaricutiro'),
(846, 'Buenavista'),
(847, 'Tepalcatepec'),
(848, 'Aguililla'),
(849, 'Apatzingán'),
(850, 'Parácuaro'),
(851, 'Coahuayana'),
(852, 'Chinicuila'),
(853, 'Coalcomán de Vázquez Pallares'),
(854, 'Aquila'),
(855, 'Tumbiscatío'),
(856, 'Arteaga'),
(857, 'Lázaro Cárdenas'),
(858, 'Epitacio Huerta'),
(859, 'Contepec'),
(860, 'Tlalpujahua'),
(861, 'Hidalgo'),
(862, 'Maravatío'),
(863, 'Irimbo'),
(864, 'Senguio'),
(865, 'Charo'),
(866, 'Tzitzio'),
(867, 'Tiquicheo de Nicolás Romero'),
(868, 'Aporo'),
(869, 'Angangueo'),
(870, 'Tuxpan'),
(871, 'Ocampo'),
(872, 'Jungapeo'),
(873, 'Zitácuaro'),
(874, 'Tuzantla'),
(875, 'Juárez'),
(876, 'Susupuato'),
(877, 'Pátzcuaro'),
(878, 'Erongarícuaro'),
(879, 'Huiramba'),
(880, 'Tacámbaro'),
(881, 'Turicato'),
(882, 'Ziracuaretiro'),
(883, 'Taretan'),
(884, 'Gabriel Zamora'),
(885, 'Nuevo Urecho'),
(886, 'Múgica'),
(887, 'Salvador Escalante'),
(888, 'Ario'),
(889, 'La Huacana'),
(890, 'Churumuco'),
(891, 'Nocupétaro'),
(892, 'Carácuaro'),
(893, 'Huetamo'),
(894, 'San Lucas'),
(895, 'Cuernavaca'),
(896, 'Huitzilac'),
(897, 'Tepoztlán'),
(898, 'Tlalnepantla'),
(899, 'Tlayacapan'),
(900, 'Jiutepec'),
(901, 'Temixco'),
(902, 'Miacatlán'),
(903, 'Coatlán del Río'),
(904, 'Tetecala'),
(905, 'Mazatepec'),
(906, 'Amacuzac'),
(907, 'Puente de Ixtla'),
(908, 'Ayala'),
(909, 'Yautepec'),
(910, 'Cuautla'),
(911, 'Emiliano Zapata'),
(912, 'Tlaltizapán de Zapata'),
(913, 'Zacatepec'),
(914, 'Xochitepec'),
(915, 'Tetela del Volcán'),
(916, 'Yecapixtla'),
(917, 'Totolapan'),
(918, 'Atlatlahucan'),
(919, 'Ocuituco'),
(920, 'Temoac'),
(921, 'Zacualpan'),
(922, 'Jojutla'),
(923, 'Tepalcingo'),
(924, 'Jonacatepec'),
(925, 'Axochiapan'),
(926, 'Jantetelco'),
(927, 'Tlaquiltenango'),
(928, 'Tepic'),
(929, 'Tuxpan'),
(930, 'Santiago Ixcuintla'),
(931, 'Acaponeta'),
(932, 'Tecuala'),
(933, 'Huajicori'),
(934, 'Del Nayar'),
(935, 'La Yesca'),
(936, 'Ruíz'),
(937, 'Rosamorada'),
(938, 'Compostela'),
(939, 'Bahía de Banderas'),
(940, 'San Blas'),
(941, 'Xalisco'),
(942, 'San Pedro Lagunillas'),
(943, 'Santa María del Oro'),
(944, 'Jala'),
(945, 'Ahuacatlán'),
(946, 'Ixtlán del Río'),
(947, 'Amatlán de Cañas'),
(948, 'Monterrey'),
(949, 'Anáhuac'),
(950, 'Lampazos de Naranjo'),
(951, 'Mina'),
(952, 'Bustamante'),
(953, 'Sabinas Hidalgo'),
(954, 'Villaldama'),
(955, 'Vallecillo'),
(956, 'Parás'),
(957, 'Salinas Victoria'),
(958, 'Ciénega de Flores'),
(959, 'Hidalgo'),
(960, 'Abasolo'),
(961, 'Higueras'),
(962, 'General Zuazua'),
(963, 'Agualeguas'),
(964, 'General Treviño'),
(965, 'Cerralvo'),
(966, 'Melchor Ocampo'),
(967, 'García'),
(968, 'General Escobedo'),
(969, 'Santa Catarina'),
(970, 'San Pedro Garza García'),
(971, 'San Nicolás de los Garza'),
(972, 'El Carmen'),
(973, 'Apodaca'),
(974, 'Pesquería'),
(975, 'Marín'),
(976, 'Doctor González'),
(977, 'Los Ramones'),
(978, 'Los Herreras'),
(979, 'Los Aldamas'),
(980, 'Doctor Coss'),
(981, 'General Bravo'),
(982, 'China'),
(983, 'Guadalupe'),
(984, 'Juárez'),
(985, 'Santiago'),
(986, 'Allende'),
(987, 'General Terán'),
(988, 'Cadereyta Jiménez'),
(989, 'Montemorelos'),
(990, 'Rayones'),
(991, 'Linares'),
(992, 'Iturbide'),
(993, 'Galeana'),
(994, 'Hualahuises'),
(995, 'Doctor Arroyo'),
(996, 'Aramberri'),
(997, 'General Zaragoza'),
(998, 'Mier y Noriega'),
(999, 'Oaxaca de Juárez'),
(1000, 'Villa de Etla'),
(1001, 'San Juan Bautista Atatlahuca'),
(1002, 'San Jerónimo Sosola'),
(1003, 'San Juan Bautista Jayacatlán'),
(1004, 'San Francisco Telixtlahuaca'),
(1005, 'Santiago Tenango'),
(1006, 'San Pablo Huitzo'),
(1007, 'San Juan del Estado'),
(1008, 'Magdalena Apasco'),
(1009, 'Santiago Suchilquitongo'),
(1010, 'San Juan Bautista Guelache'),
(1011, 'Reyes Etla'),
(1012, 'Nazareno Etla'),
(1013, 'San Andrés Zautla'),
(1014, 'San Agustín Etla'),
(1015, 'Soledad Etla'),
(1016, 'Santo Tomás Mazaltepec'),
(1017, 'Guadalupe Etla'),
(1018, 'San Pablo Etla'),
(1019, 'San Felipe Tejalápam'),
(1020, 'San Lorenzo Cacaotepec'),
(1021, 'Santa María Peñoles'),
(1022, 'Santiago Tlazoyaltepec'),
(1023, 'Tlalixtac de Cabrera'),
(1024, 'San Jacinto Amilpas'),
(1025, 'San Andrés Huayápam'),
(1026, 'San Agustín Yatareni'),
(1027, 'Santo Domingo Tomaltepec'),
(1028, 'Santa María del Tule'),
(1029, 'San Juan Bautista Tuxtepec'),
(1030, 'Loma Bonita'),
(1031, 'San José Independencia'),
(1032, 'Cosolapa'),
(1033, 'Acatlán de Pérez Figueroa'),
(1034, 'San Miguel Soyaltepec'),
(1035, 'Ayotzintepec'),
(1036, 'San Pedro Ixcatlán'),
(1037, 'San José Chiltepec'),
(1038, 'San Felipe Jalapa de Díaz'),
(1039, 'Santa María Jacatepec'),
(1040, 'San Lucas Ojitlán'),
(1041, 'San Juan Bautista Valle Nacional'),
(1042, 'San Felipe Usila'),
(1043, 'Huautla de Jiménez'),
(1044, 'Santa María Chilchotla'),
(1045, 'Santa Ana Ateixtlahuaca'),
(1046, 'San Lorenzo Cuaunecuiltitla'),
(1047, 'San Francisco Huehuetlán'),
(1048, 'San Pedro Ocopetatillo'),
(1049, 'Santa Cruz Acatepec'),
(1050, 'Eloxochitlán de Flores Magón'),
(1051, 'Santiago Texcalcingo'),
(1052, 'Teotitlán de Flores Magón'),
(1053, 'Santa María Teopoxco'),
(1054, 'San Martín Toxpalan'),
(1055, 'San Jerónimo Tecóatl'),
(1056, 'Santa María la Asunción'),
(1057, 'Huautepec'),
(1058, 'San Juan Coatzóspam'),
(1059, 'San Lucas Zoquiápam'),
(1060, 'San Antonio Nanahuatípam'),
(1061, 'San José Tenango'),
(1062, 'San Mateo Yoloxochitlán'),
(1063, 'San Bartolomé Ayautla'),
(1064, 'Mazatlán Villa de Flores'),
(1065, 'San Juan de los Cués'),
(1066, 'Santa María Tecomavaca'),
(1067, 'Santa María Ixcatlán'),
(1068, 'San Juan Bautista Cuicatlán'),
(1069, 'Cuyamecalco Villa de Zaragoza'),
(1070, 'Santa Ana Cuauhtémoc'),
(1071, 'Chiquihuitlán de Benito Juárez'),
(1072, 'San Pedro Teutila'),
(1073, 'San Miguel Santa Flor'),
(1074, 'Santa María Tlalixtac'),
(1075, 'San Andrés Teotilálpam'),
(1076, 'San Francisco Chapulapa'),
(1077, 'Concepción Pápalo'),
(1078, 'Santos Reyes Pápalo'),
(1079, 'San Juan Bautista Tlacoatzintepec'),
(1080, 'Santa María Pápalo'),
(1081, 'San Juan Tepeuxila'),
(1082, 'San Pedro Sochiápam'),
(1083, 'Valerio Trujano'),
(1084, 'San Pedro Jocotipac'),
(1085, 'Santa María Texcatitlán'),
(1086, 'San Pedro Jaltepetongo'),
(1087, 'Santiago Nacaltepec'),
(1088, 'Natividad'),
(1089, 'San Juan Quiotepec'),
(1090, 'San Pedro Yólox'),
(1091, 'Santiago Comaltepec'),
(1092, 'Abejones'),
(1093, 'San Pablo Macuiltianguis'),
(1094, 'Ixtlán de Juárez'),
(1095, 'San Juan Atepec'),
(1096, 'San Pedro Yaneri'),
(1097, 'San Miguel Aloápam'),
(1098, 'Teococuilco de Marcos Pérez'),
(1099, 'Santa Ana Yareni'),
(1100, 'San Juan Evangelista Analco'),
(1101, 'Santa María Jaltianguis'),
(1102, 'San Miguel del Río'),
(1103, 'San Juan Chicomezúchil'),
(1104, 'Capulálpam de Méndez'),
(1105, 'Nuevo Zoquiápam'),
(1106, 'Santiago Xiacuí'),
(1107, 'Guelatao de Juárez'),
(1108, 'Santa Catarina Ixtepeji'),
(1109, 'San Miguel Yotao'),
(1110, 'Santa Catarina Lachatao'),
(1111, 'San Miguel Amatlán'),
(1112, 'Santa María Yavesía'),
(1113, 'Santiago Laxopa'),
(1114, 'San Ildefonso Villa Alta'),
(1115, 'Santiago Camotlán'),
(1116, 'San Juan Yaeé'),
(1117, 'Santiago Lalopa'),
(1118, 'San Juan Yatzona'),
(1119, 'Villa Talea de Castro'),
(1120, 'Tanetze de Zaragoza'),
(1121, 'San Juan Juquila Vijanos'),
(1122, 'San Cristóbal Lachirioag'),
(1123, 'Santa María Temaxcalapa'),
(1124, 'Santo Domingo Roayaga'),
(1125, 'Santa María Yalina'),
(1126, 'San Andrés Solaga'),
(1127, 'San Juan Tabaá'),
(1128, 'San Melchor Betaza'),
(1129, 'San Andrés Yaá'),
(1130, 'San Bartolomé Zoogocho'),
(1131, 'San Baltazar Yatzachi el Bajo'),
(1132, 'Santiago Zoochila'),
(1133, 'Villa Hidalgo'),
(1134, 'San Francisco Cajonos'),
(1135, 'San Mateo Cajonos'),
(1136, 'San Pedro Cajonos'),
(1137, 'Santo Domingo Xagacía'),
(1138, 'San Pablo Yaganiza'),
(1139, 'Santiago Choápam'),
(1140, 'Santiago Jocotepec'),
(1141, 'San Juan Lalana'),
(1142, 'Santiago Yaveo'),
(1143, 'San Juan Petlapa'),
(1144, 'San Juan Comaltepec'),
(1145, 'Heroica Ciudad de Huajuapan de León'),
(1146, 'Santiago Chazumba'),
(1147, 'Cosoltepec'),
(1148, 'San Pedro y San Pablo Tequixtepec'),
(1149, 'San Juan Bautista Suchitepec'),
(1150, 'Santa Catarina Zapoquila'),
(1151, 'Santiago Miltepec'),
(1152, 'San Jerónimo Silacayoapilla'),
(1153, 'Zapotitlán Palmas'),
(1154, 'San Andrés Dinicuiti'),
(1155, 'Santiago Cacaloxtepec'),
(1156, 'Asunción Cuyotepeji'),
(1157, 'Santa María Camotlán'),
(1158, 'Santiago Huajolotitlán'),
(1159, 'Santiago Tamazola'),
(1160, 'San Juan Cieneguilla'),
(1161, 'Zapotitlán Lagunas'),
(1162, 'San Juan Ihualtepec'),
(1163, 'San Nicolás Hidalgo'),
(1164, 'Guadalupe de Ramírez'),
(1165, 'San Andrés Tepetlapa'),
(1166, 'San Miguel Ahuehuetitlán'),
(1167, 'San Mateo Nejápam'),
(1168, 'San Juan Bautista Tlachichilco'),
(1169, 'Tezoatlán de Segura y Luna'),
(1170, 'Fresnillo de Trujano'),
(1171, 'Santiago Ayuquililla'),
(1172, 'San José Ayuquila'),
(1173, 'San Martín Zacatepec'),
(1174, 'San Miguel Amatitlán'),
(1175, 'Mariscala de Juárez'),
(1176, 'Santa Cruz Tacache de Mina'),
(1177, 'San Simón Zahuatlán'),
(1178, 'San Marcos Arteaga'),
(1179, 'San Jorge Nuchita'),
(1180, 'Santos Reyes Yucuná'),
(1181, 'Santo Domingo Tonalá'),
(1182, 'Santo Domingo Yodohino'),
(1183, 'San Juan Bautista Coixtlahuaca'),
(1184, 'Tepelmeme Villa de Morelos'),
(1185, 'Concepción Buenavista'),
(1186, 'Santiago Ihuitlán Plumas'),
(1187, 'Tlacotepec Plumas'),
(1188, 'San Francisco Teopan'),
(1189, 'Santa Magdalena Jicotlán'),
(1190, 'San Mateo Tlapiltepec'),
(1191, 'San Miguel Tequixtepec'),
(1192, 'San Miguel Tulancingo'),
(1193, 'Santiago Tepetlapa'),
(1194, 'San Cristóbal Suchixtlahuaca'),
(1195, 'Santa María Nativitas'),
(1196, 'Silacayoápam'),
(1197, 'Santiago Yucuyachi'),
(1198, 'San Lorenzo Victoria'),
(1199, 'San Agustín Atenango'),
(1200, 'Calihualá'),
(1201, 'Santa Cruz de Bravo'),
(1202, 'Ixpantepec Nieves'),
(1203, 'San Francisco Tlapancingo'),
(1204, 'Santiago del Río'),
(1205, 'San Pedro y San Pablo Teposcolula'),
(1206, 'La Trinidad Vista Hermosa'),
(1207, 'Villa de Tamazulápam del Progreso'),
(1208, 'San Pedro Nopala'),
(1209, 'Teotongo'),
(1210, 'San Antonio Acutla'),
(1211, 'Villa Tejúpam de la Unión'),
(1212, 'Santo Domingo Tonaltepec'),
(1213, 'Villa de Chilapa de Díaz'),
(1214, 'San Antonino Monte Verde'),
(1215, 'San Andrés Lagunas'),
(1216, 'San Pedro Yucunama'),
(1217, 'San Juan Teposcolula'),
(1218, 'San Bartolo Soyaltepec'),
(1219, 'Santiago Yolomécatl'),
(1220, 'San Sebastián Nicananduta'),
(1221, 'Santo Domingo Tlatayápam'),
(1222, 'Santa María Nduayaco'),
(1223, 'San Vicente Nuñú'),
(1224, 'San Pedro Topiltepec'),
(1225, 'Santiago Nejapilla'),
(1226, 'Asunción Nochixtlán'),
(1227, 'San Miguel Huautla'),
(1228, 'San Miguel Chicahua'),
(1229, 'Santa María Apazco'),
(1230, 'Santiago Apoala'),
(1231, 'Santa María Chachoápam'),
(1232, 'San Pedro Coxcaltepec Cántaros'),
(1233, 'Santiago Huauclilla'),
(1234, 'Santo Domingo Yanhuitlán'),
(1235, 'San Andrés Sinaxtla'),
(1236, 'San Juan Yucuita'),
(1237, 'San Juan Sayultepec'),
(1238, 'Santiago Tillo'),
(1239, 'San Francisco Chindúa'),
(1240, 'San Mateo Etlatongo'),
(1241, 'Santa Inés de Zaragoza'),
(1242, 'Santiago Juxtlahuaca'),
(1243, 'San Miguel Tlacotepec'),
(1244, 'San Sebastián Tecomaxtlahuaca'),
(1245, 'Santos Reyes Tepejillo'),
(1246, 'San Juan Mixtepec -Dto. 08 -'),
(1247, 'San Martín Peras'),
(1248, 'Coicoyán de las Flores'),
(1249, 'Heroica Ciudad de Tlaxiaco'),
(1250, 'San Juan Ñumí'),
(1251, 'San Pedro Mártir Yucuxaco'),
(1252, 'San Martín Huamelúlpam'),
(1253, 'Santa Cruz Tayata'),
(1254, 'Santiago Nundiche'),
(1255, 'Santa María del Rosario'),
(1256, 'San Juan Achiutla'),
(1257, 'Santa Catarina Tayata'),
(1258, 'San Cristóbal Amoltepec'),
(1259, 'San Miguel Achiutla'),
(1260, 'San Martín Itunyoso'),
(1261, 'Magdalena Peñasco'),
(1262, 'San Bartolomé Yucuañe'),
(1263, 'Santa Cruz Nundaco'),
(1264, 'San Agustín Tlacotepec'),
(1265, 'Santo Tomás Ocotepec'),
(1266, 'San Antonio Sinicahua'),
(1267, 'San Mateo Peñasco'),
(1268, 'Santa María Tataltepec'),
(1269, 'San Pedro Molinos'),
(1270, 'Santa María Yosoyúa'),
(1271, 'San Juan Teita'),
(1272, 'Magdalena Jaltepec'),
(1273, 'Magdalena Yodocono de Porfirio Díaz'),
(1274, 'San Miguel Tecomatlán'),
(1275, 'Magdalena Zahuatlán'),
(1276, 'San Francisco Nuxaño'),
(1277, 'San Pedro Tidaá'),
(1278, 'San Francisco Jaltepetongo'),
(1279, 'Santiago Tilantongo'),
(1280, 'San Juan Diuxi'),
(1281, 'San Andrés Nuxiño'),
(1282, 'San Juan Tamazola'),
(1283, 'Santo Domingo Nuxaá'),
(1284, 'Yutanduchi de Guerrero'),
(1285, 'San Pedro Teozacoalco'),
(1286, 'San Miguel Piedras'),
(1287, 'San Mateo Sindihui'),
(1288, 'Heroica Ciudad de Juchitán de Zaragoza'),
(1289, 'Ciudad Ixtepec'),
(1290, 'El Espinal'),
(1291, 'Santo Domingo Ingenio'),
(1292, 'Santa María Xadani'),
(1293, 'Santiago Niltepec'),
(1294, 'San Dionisio del Mar'),
(1295, 'Asunción Ixtaltepec'),
(1296, 'San Francisco del Mar'),
(1297, 'Unión Hidalgo'),
(1298, 'San Miguel Chimalapa'),
(1299, 'Santo Domingo Zanatepec'),
(1300, 'Reforma de Pineda'),
(1301, 'San Francisco Ixhuatán'),
(1302, 'San Pedro Tapanatepec'),
(1303, 'Chahuites'),
(1304, 'Santiago Zacatepec'),
(1305, 'Santo Domingo Tepuxtepec'),
(1306, 'San Juan Cotzocón'),
(1307, 'San Juan Mazatlán'),
(1308, 'Totontepec Villa de Morelos'),
(1309, 'Mixistlán de la Reforma'),
(1310, 'Santa María Tlahuitoltepec'),
(1311, 'Santa María Alotepec'),
(1312, 'Santiago Atitlán'),
(1313, 'Tamazulápam del Espíritu Santo'),
(1314, 'San Pedro y San Pablo Ayutla'),
(1315, 'Santa María Tepantlali'),
(1316, 'San Miguel Quetzaltepec'),
(1317, 'Asunción Cacalotepec'),
(1318, 'San Pedro Ocotepec'),
(1319, 'San Lucas Camotlán'),
(1320, 'Santiago Ixcuintepec'),
(1321, 'Matías Romero Avendaño'),
(1322, 'San Juan Guichicovi'),
(1323, 'Santo Domingo Petapa'),
(1324, 'Santa María Chimalapa'),
(1325, 'Santa María Petapa'),
(1326, 'El Barrio de la Soledad'),
(1327, 'Tlacolula de Matamoros'),
(1328, 'San Sebastián Abasolo'),
(1329, 'Villa Díaz Ordaz'),
(1330, 'Santa María Guelacé'),
(1331, 'Teotitlán del Valle'),
(1332, 'San Francisco Lachigoló'),
(1333, 'San Sebastián Teitipac'),
(1334, 'Santa Ana del Valle'),
(1335, 'San Pablo Villa de Mitla'),
(1336, 'Santiago Matatlán'),
(1337, 'Santo Domingo Albarradas'),
(1338, 'Rojas de Cuauhtémoc'),
(1339, 'San Juan Teitipac'),
(1340, 'Santa Cruz Papalutla'),
(1341, 'Magdalena Teitipac'),
(1342, 'San Jerónimo Tlacochahuaya'),
(1343, 'San Juan Guelavía'),
(1344, 'San Lucas Quiaviní'),
(1345, 'San Juan del Río'),
(1346, 'San Bartolomé Quialana'),
(1347, 'San Lorenzo Albarradas'),
(1348, 'San Pedro Totolápam'),
(1349, 'San Pedro Quiatoni'),
(1350, 'Santa María Zoquitlán'),
(1351, 'San Dionisio Ocotepec'),
(1352, 'San Carlos Yautepec'),
(1353, 'San Juan Juquila Mixes'),
(1354, 'Nejapa de Madero'),
(1355, 'Santa Ana Tavela'),
(1356, 'San Juan Lajarcia'),
(1357, 'San Bartolo Yautepec'),
(1358, 'Santa María Ecatepec'),
(1359, 'Asunción Tlacolulita'),
(1360, 'San Pedro Mártir Quiechapa'),
(1361, 'Santa María Quiegolani'),
(1362, 'Santa Catarina Quioquitani'),
(1363, 'Santa Catalina Quierí'),
(1364, 'Salina Cruz'),
(1365, 'Santiago Lachiguiri'),
(1366, 'Santa María Jalapa del Marqués'),
(1367, 'Santa María Totolapilla'),
(1368, 'Santiago Laollaga'),
(1369, 'Guevea de Humboldt'),
(1370, 'Santo Domingo Chihuitán'),
(1371, 'Santa María Guienagati'),
(1372, 'Magdalena Tequisistlán'),
(1373, 'Magdalena Tlacotepec'),
(1374, 'San Pedro Comitancillo'),
(1375, 'Santa María Mixtequilla'),
(1376, 'Santo Domingo Tehuantepec'),
(1377, 'San Pedro Huamelula'),
(1378, 'San Pedro Huilotepec'),
(1379, 'San Mateo del Mar'),
(1380, 'San Blas Atempa'),
(1381, 'Santiago Astata'),
(1382, 'San Miguel Tenango'),
(1383, 'Miahuatlán de Porfirio Díaz'),
(1384, 'San Nicolás'),
(1385, 'San Simón Almolongas'),
(1386, 'San Luis Amatlán'),
(1387, 'San José Lachiguiri'),
(1388, 'Sitio de Xitlapehua'),
(1389, 'San Francisco Logueche'),
(1390, 'Santa Ana'),
(1391, 'Santa Cruz Xitla'),
(1392, 'Monjas'),
(1393, 'San Ildefonso Amatlán'),
(1394, 'Santa Catarina Cuixtla'),
(1395, 'San José del Peñasco'),
(1396, 'San Cristóbal Amatlán'),
(1397, 'San Juan Mixtepec -Dto. 26 -'),
(1398, 'San Pedro Mixtepec -Dto. 26 -'),
(1399, 'Santa Lucía Miahuatlán'),
(1400, 'San Jerónimo Coatlán'),
(1401, 'San Sebastián Coatlán'),
(1402, 'San Pablo Coatlán'),
(1403, 'San Mateo Río Hondo'),
(1404, 'Santo Tomás Tamazulapan'),
(1405, 'San Andrés Paxtlán'),
(1406, 'Santa María Ozolotepec'),
(1407, 'San Miguel Coatlán'),
(1408, 'San Sebastián Río Hondo'),
(1409, 'San Miguel Suchixtepec'),
(1410, 'Santo Domingo Ozolotepec'),
(1411, 'San Francisco Ozolotepec'),
(1412, 'Santiago Xanica'),
(1413, 'San Marcial Ozolotepec'),
(1414, 'San Juan Ozolotepec'),
(1415, 'San Pedro Pochutla'),
(1416, 'Santo Domingo de Morelos'),
(1417, 'Santa Catarina Loxicha'),
(1418, 'San Agustín Loxicha'),
(1419, 'San Baltazar Loxicha'),
(1420, 'Santa María Colotepec'),
(1421, 'San Bartolomé Loxicha'),
(1422, 'Santa María Tonameca'),
(1423, 'Candelaria Loxicha'),
(1424, 'Pluma Hidalgo'),
(1425, 'San Pedro el Alto'),
(1426, 'San Mateo Piñas'),
(1427, 'Santa María Huatulco'),
(1428, 'San Miguel del Puerto'),
(1429, 'Putla Villa de Guerrero'),
(1430, 'Constancia del Rosario'),
(1431, 'Mesones Hidalgo'),
(1432, 'Santa María Zacatepec'),
(1433, 'San Pedro Amuzgos'),
(1434, 'La Reforma'),
(1435, 'Santa María Ipalapa'),
(1436, 'Chalcatongo de Hidalgo'),
(1437, 'Santa María Yucuhiti'),
(1438, 'San Esteban Atatlahuca'),
(1439, 'Santa Catarina Ticuá'),
(1440, 'Santiago Nuyoó'),
(1441, 'Santa Catarina Yosonotú'),
(1442, 'San Miguel el Grande'),
(1443, 'Santo Domingo Ixcatlán'),
(1444, 'San Pablo Tijaltepec'),
(1445, 'Santa Cruz Tacahua'),
(1446, 'Santa Lucía Monteverde'),
(1447, 'San Andrés Cabecera Nueva'),
(1448, 'Santa María Yolotepec'),
(1449, 'Santiago Yosondúa'),
(1450, 'Santa Cruz Itundujia'),
(1451, 'Zimatlán de Álvarez'),
(1452, 'San Bernardo Mixtepec'),
(1453, 'Santa Cruz Mixtepec'),
(1454, 'San Miguel Mixtepec'),
(1455, 'Santa María Atzompa'),
(1456, 'San Andrés Ixtlahuaca'),
(1457, 'Santa Cruz Amilpas'),
(1458, 'Santa Cruz Xoxocotlán'),
(1459, 'Santa Lucía del Camino'),
(1460, 'San Pedro Ixtlahuaca'),
(1461, 'San Antonio de la Cal'),
(1462, 'San Agustín de las Juntas'),
(1463, 'San Pablo Huixtepec'),
(1464, 'Ánimas Trujano'),
(1465, 'San Jacinto Tlacotepec'),
(1466, 'San Raymundo Jalpan'),
(1467, 'Trinidad Zaachila'),
(1468, 'Santa María Coyotepec'),
(1469, 'San Bartolo Coyotepec'),
(1470, 'Santa Inés Yatzeche'),
(1471, 'Ciénega de Zimatlán'),
(1472, 'San Antonio Huitepec'),
(1473, 'Villa de Zaachila'),
(1474, 'San Sebastián Tutla'),
(1475, 'San Miguel Peras'),
(1476, 'San Pablo Cuatro Venados'),
(1477, 'Santa Inés del Monte'),
(1478, 'Santa Gertrudis'),
(1479, 'San Antonino el Alto'),
(1480, 'Magdalena Mixtepec'),
(1481, 'Santa Catarina Quiané'),
(1482, 'Ayoquezco de Aldama'),
(1483, 'Santa Ana Tlapacoyan'),
(1484, 'Santa Cruz Zenzontepec'),
(1485, 'San Francisco Cahuacuá'),
(1486, 'San Mateo Yucutindoo'),
(1487, 'Santiago Textitlán'),
(1488, 'Santiago Amoltepec'),
(1489, 'Santa María Zaniza'),
(1490, 'Santo Domingo Teojomulco'),
(1491, 'Cuilápam de Guerrero'),
(1492, 'Villa Sola de Vega'),
(1493, 'Santa María Lachixío'),
(1494, 'San Vicente Lachixío'),
(1495, 'San Lorenzo Texmelúcan'),
(1496, 'Santa María Sola'),
(1497, 'San Francisco Sola'),
(1498, 'San Ildefonso Sola'),
(1499, 'Santiago Minas'),
(1500, 'Heroica Ciudad de Ejutla de Crespo'),
(1501, 'San Martín Tilcajete'),
(1502, 'Santo Tomás Jalieza'),
(1503, 'San Juan Chilateca'),
(1504, 'Ocotlán de Morelos'),
(1505, 'Santa Ana Zegache'),
(1506, 'Santiago Apóstol'),
(1507, 'San Antonino Castillo Velasco'),
(1508, 'Asunción Ocotlán'),
(1509, 'San Pedro Mártir'),
(1510, 'San Dionisio Ocotlán'),
(1511, 'Magdalena Ocotlán'),
(1512, 'San Miguel Tilquiápam'),
(1513, 'Santa Catarina Minas'),
(1514, 'San Baltazar Chichicápam'),
(1515, 'San Pedro Apóstol'),
(1516, 'Santa Lucía Ocotlán'),
(1517, 'San Jerónimo Taviche'),
(1518, 'San Andrés Zabache'),
(1519, 'San José del Progreso'),
(1520, 'Yaxe'),
(1521, 'San Pedro Taviche'),
(1522, 'San Martín de los Cansecos'),
(1523, 'San Martín Lachilá'),
(1524, 'La Pe'),
(1525, 'La Compañía'),
(1526, 'Coatecas Altas'),
(1527, 'San Juan Lachigalla'),
(1528, 'San Agustín Amatengo'),
(1529, 'Taniche'),
(1530, 'San Miguel Ejutla'),
(1531, 'Yogana'),
(1532, 'San Vicente Coatlán'),
(1533, 'Santiago Pinotepa Nacional'),
(1534, 'San Juan Cacahuatepec'),
(1535, 'San Juan Bautista Lo de Soto'),
(1536, 'Mártires de Tacubaya'),
(1537, 'San Sebastián Ixcapa'),
(1538, 'San Antonio Tepetlapa'),
(1539, 'Santa María Cortijo'),
(1540, 'Santiago Llano Grande'),
(1541, 'San Miguel Tlacamama'),
(1542, 'Santiago Tapextla'),
(1543, 'San José Estancia Grande'),
(1544, 'Santo Domingo Armenta'),
(1545, 'Santiago Jamiltepec'),
(1546, 'San Pedro Atoyac'),
(1547, 'San Juan Colorado'),
(1548, 'Santiago Ixtayutla'),
(1549, 'San Pedro Jicayán'),
(1550, 'Pinotepa de Don Luis'),
(1551, 'San Lorenzo'),
(1552, 'San Agustín Chayuco'),
(1553, 'San Andrés Huaxpaltepec'),
(1554, 'Santa Catarina Mechoacán'),
(1555, 'Santiago Tetepec'),
(1556, 'Santa María Huazolotitlán'),
(1557, 'Villa de Tututepec de Melchor Ocampo'),
(1558, 'Tataltepec de Valdés'),
(1559, 'San Juan Quiahije'),
(1560, 'San Miguel Panixtlahuaca'),
(1561, 'Santa Catarina Juquila'),
(1562, 'San Pedro Juchatengo'),
(1563, 'Santiago Yaitepec'),
(1564, 'San Juan Lachao'),
(1565, 'Santa María Temaxcaltepec'),
(1566, 'Santos Reyes Nopala'),
(1567, 'San Gabriel Mixtepec'),
(1568, 'San Pedro Mixtepec -Dto. 22 -'),
(1569, 'Puebla'),
(1570, 'Tlaltenango'),
(1571, 'San Miguel Xoxtla'),
(1572, 'Juan C. Bonilla'),
(1573, 'Coronango'),
(1574, 'Cuautlancingo'),
(1575, 'San Pedro Cholula'),
(1576, 'San Andrés Cholula'),
(1577, 'Ocoyucan'),
(1578, 'Amozoc'),
(1579, 'Francisco Z. Mena'),
(1580, 'Pantepec'),
(1581, 'Venustiano Carranza'),
(1582, 'Jalpan'),
(1583, 'Tlaxco'),
(1584, 'Tlacuilotepec'),
(1585, 'Xicotepec'),
(1586, 'Pahuatlán'),
(1587, 'Honey'),
(1588, 'Naupan'),
(1589, 'Huauchinango'),
(1590, 'Ahuazotepec'),
(1591, 'Juan Galindo'),
(1592, 'Tlaola'),
(1593, 'Zihuateutla'),
(1594, 'Jopala'),
(1595, 'Tlapacoya'),
(1596, 'Chignahuapan'),
(1597, 'Zacatlán'),
(1598, 'Chiconcuautla'),
(1599, 'Ahuacatlán'),
(1600, 'Tepetzintla'),
(1601, 'San Felipe Tepatlán'),
(1602, 'Amixtlán'),
(1603, 'Tepango de Rodríguez'),
(1604, 'Zongozotla'),
(1605, 'Hermenegildo Galeana'),
(1606, 'Olintla'),
(1607, 'Coatepec'),
(1608, 'Camocuautla'),
(1609, 'Hueytlalpan'),
(1610, 'Zapotitlán de Méndez'),
(1611, 'Huitzilan de Serdán'),
(1612, 'Xochitlán de Vicente Suárez'),
(1613, 'Huehuetla'),
(1614, 'Ixtepec'),
(1615, 'Atlequizayan'),
(1616, 'Tenampulco'),
(1617, 'Tuzamapan de Galeana'),
(1618, 'Caxhuacan'),
(1619, 'Jonotla'),
(1620, 'Zoquiapan'),
(1621, 'Nauzontla'),
(1622, 'Cuetzalan del Progreso'),
(1623, 'Ayotoxco de Guerrero'),
(1624, 'Hueytamalco'),
(1625, 'Acateno'),
(1626, 'Cuautempan'),
(1627, 'Aquixtla'),
(1628, 'Tetela de Ocampo'),
(1629, 'Xochiapulco'),
(1630, 'Zacapoaxtla'),
(1631, 'Zaragoza'),
(1632, 'Ixtacamaxtitlán'),
(1633, 'Zautla'),
(1634, 'Ocotepec'),
(1635, 'Libres'),
(1636, 'Teziutlán'),
(1637, 'Tlatlauquitepec'),
(1638, 'Yaonáhuac'),
(1639, 'Hueyapan'),
(1640, 'Teteles de Avila Castillo'),
(1641, 'Atempan'),
(1642, 'Chignautla'),
(1643, 'Xiutetelco'),
(1644, 'Cuyoaco'),
(1645, 'Tepeyahualco'),
(1646, 'San Martín Texmelucan'),
(1647, 'Tlahuapan'),
(1648, 'San Matías Tlalancaleca'),
(1649, 'San Salvador el Verde'),
(1650, 'San Felipe Teotlalcingo'),
(1651, 'Chiautzingo'),
(1652, 'Huejotzingo'),
(1653, 'Domingo Arenas'),
(1654, 'Calpan'),
(1655, 'San Nicolás de los Ranchos'),
(1656, 'Atlixco'),
(1657, 'Nealtican'),
(1658, 'San Jerónimo Tecuanipan'),
(1659, 'San Gregorio Atzompa'),
(1660, 'Tochimilco'),
(1661, 'Tianguismanalco'),
(1662, 'Santa Isabel Cholula'),
(1663, 'Huaquechula'),
(1664, 'San Diego la Mesa Tochimiltzingo'),
(1665, 'Tepeojuma'),
(1666, 'Izúcar de Matamoros'),
(1667, 'Atzitzihuacán'),
(1668, 'Acteopan'),
(1669, 'Cohuecan'),
(1670, 'Tepemaxalco'),
(1671, 'Tlapanalá'),
(1672, 'Tepexco'),
(1673, 'Tilapa'),
(1674, 'Chietla'),
(1675, 'Atzala'),
(1676, 'Teopantlán'),
(1677, 'San Martín Totoltepec'),
(1678, 'Xochiltepec'),
(1679, 'Epatlán'),
(1680, 'Ahuatlán'),
(1681, 'Coatzingo'),
(1682, 'Santa Catarina Tlaltempan'),
(1683, 'Chigmecatitlán'),
(1684, 'Zacapala'),
(1685, 'Tepexi de Rodríguez'),
(1686, 'Teotlalco'),
(1687, 'Jolalpan'),
(1688, 'Huehuetlán el Chico'),
(1689, 'Chiautla'),
(1690, 'Cohetzala'),
(1691, 'Xicotlán'),
(1692, 'Chila de la Sal'),
(1693, 'Ixcamilpa de Guerrero'),
(1694, 'Albino Zertuche'),
(1695, 'Tulcingo'),
(1696, 'Tehuitzingo'),
(1697, 'Cuayuca de Andrade'),
(1698, 'Santa Inés Ahuatempan'),
(1699, 'Axutla'),
(1700, 'Chinantla'),
(1701, 'Ahuehuetitla'),
(1702, 'San Pablo Anicano'),
(1703, 'Tecomatlán'),
(1704, 'Piaxtla'),
(1705, 'Guadalupe'),
(1706, 'Ixcaquixtla'),
(1707, 'Coyotepec'),
(1708, 'Xayacatlán de Bravo'),
(1709, 'Totoltepec de Guerrero'),
(1710, 'Acatlán'),
(1711, 'San Jerónimo Xayacatlán'),
(1712, 'San Pedro Yeloixtlahuaca'),
(1713, 'Petlalcingo'),
(1714, 'San Miguel Ixitlán'),
(1715, 'Chila'),
(1716, 'Rafael Lara Grajales'),
(1717, 'San José Chiapa'),
(1718, 'Oriental'),
(1719, 'San Nicolás Buenos Aires'),
(1720, 'Guadalupe Victoria'),
(1721, 'Tlachichuca'),
(1722, 'Lafragua'),
(1723, 'Chilchotla'),
(1724, 'Quimixtlán'),
(1725, 'Chichiquila'),
(1726, 'Tepatlaxco de Hidalgo'),
(1727, 'Acajete'),
(1728, 'Nopalucan'),
(1729, 'Mazapiltepec de Juárez'),
(1730, 'Soltepec'),
(1731, 'Acatzingo'),
(1732, 'San Salvador el Seco'),
(1733, 'General Felipe Ángeles'),
(1734, 'Aljojuca'),
(1735, 'San Juan Atenco'),
(1736, 'Tepeaca'),
(1737, 'Cuautinchán'),
(1738, 'Tecali de Herrera'),
(1739, 'Mixtla'),
(1740, 'Santo Tomás Hueyotlipan'),
(1741, 'Tzicatlacoyan'),
(1742, 'Huehuetlán el Grande'),
(1743, 'La Magdalena Tlatlauquitepec'),
(1744, 'San Juan Atzompa'),
(1745, 'Huatlatlauca'),
(1746, 'Los Reyes de Juárez'),
(1747, 'Cuapiaxtla de Madero'),
(1748, 'San Salvador Huixcolotla'),
(1749, 'Quecholac'),
(1750, 'Tecamachalco'),
(1751, 'Palmar de Bravo'),
(1752, 'Chalchicomula de Sesma'),
(1753, 'Atzitzintla'),
(1754, 'Esperanza'),
(1755, 'Cañada Morelos'),
(1756, 'Tlanepantla'),
(1757, 'Tochtepec'),
(1758, 'Atoyatempan'),
(1759, 'Tepeyahualco de Cuauhtémoc'),
(1760, 'Huitziltepec'),
(1761, 'Molcaxac'),
(1762, 'Xochitlán Todos Santos'),
(1763, 'Yehualtepec'),
(1764, 'Tlacotepec de Benito Juárez'),
(1765, 'Juan N. Méndez'),
(1766, 'Tehuacán'),
(1767, 'Tepanco de López'),
(1768, 'Chapulco'),
(1769, 'Santiago Miahuatlán'),
(1770, 'Nicolás Bravo'),
(1771, 'Atexcal'),
(1772, 'San Antonio Cañada'),
(1773, 'Zapotitlán'),
(1774, 'San Gabriel Chilac'),
(1775, 'Caltepec'),
(1776, 'Vicente Guerrero'),
(1777, 'Ajalpan'),
(1778, 'Eloxochitlán'),
(1779, 'Zoquitlán'),
(1780, 'San Sebastián Tlacotepec'),
(1781, 'Altepexi'),
(1782, 'Zinacatepec'),
(1783, 'San José Miahuatlán'),
(1784, 'Coxcatlán'),
(1785, 'Coyomeapan'),
(1786, 'Querétaro'),
(1787, 'El Marqués'),
(1788, 'Colón'),
(1789, 'Pinal de Amoles'),
(1790, 'Jalpan de Serra'),
(1791, 'Landa de Matamoros'),
(1792, 'Arroyo Seco'),
(1793, 'Peñamiller'),
(1794, 'Cadereyta de Montes'),
(1795, 'San Joaquín'),
(1796, 'Tolimán'),
(1797, 'Ezequiel Montes'),
(1798, 'Pedro Escobedo'),
(1799, 'Tequisquiapan'),
(1800, 'San Juan del Río'),
(1801, 'Amealco de Bonfil'),
(1802, 'Corregidora'),
(1803, 'Huimilpan'),
(1804, 'Othón P. Blanco'),
(1805, 'Felipe Carrillo Puerto'),
(1806, 'Lázaro Cárdenas'),
(1807, 'Isla Mujeres'),
(1808, 'Benito Juárez'),
(1809, 'Cozumel'),
(1810, 'Solidaridad'),
(1811, 'Tulum'),
(1812, 'José María Morelos'),
(1813, 'Bacalar'),
(1814, 'San Luis Potosí'),
(1815, 'Soledad de Graciano Sánchez'),
(1816, 'Cerro de San Pedro'),
(1817, 'Ahualulco'),
(1818, 'Mexquitic de Carmona'),
(1819, 'Villa de Arriaga'),
(1820, 'Vanegas'),
(1821, 'Cedral'),
(1822, 'Catorce'),
(1823, 'Charcas'),
(1824, 'Salinas'),
(1825, 'Santo Domingo'),
(1826, 'Villa de Ramos'),
(1827, 'Matehuala'),
(1828, 'Villa de la Paz'),
(1829, 'Villa de Guadalupe'),
(1830, 'Guadalcázar'),
(1831, 'Moctezuma'),
(1832, 'Venado'),
(1833, 'Villa de Arista'),
(1834, 'Villa Hidalgo'),
(1835, 'Armadillo de los Infante'),
(1836, 'Ciudad Valles'),
(1837, 'Ebano'),
(1838, 'Tamuín'),
(1839, 'El Naranjo'),
(1840, 'Ciudad del Maíz'),
(1841, 'Alaquines'),
(1842, 'Cárdenas'),
(1843, 'Cerritos'),
(1844, 'Villa Juárez'),
(1845, 'San Nicolás Tolentino'),
(1846, 'Villa de Reyes'),
(1847, 'Zaragoza'),
(1848, 'Santa María del Río'),
(1849, 'Tierra Nueva'),
(1850, 'Rioverde'),
(1851, 'Ciudad Fernández'),
(1852, 'San Ciro de Acosta'),
(1853, 'Tamasopo'),
(1854, 'Rayón'),
(1855, 'Aquismón'),
(1856, 'Lagunillas'),
(1857, 'Santa Catarina'),
(1858, 'Tancanhuitz'),
(1859, 'Tanlajás'),
(1860, 'San Vicente Tancuayalab'),
(1861, 'San Antonio'),
(1862, 'Tanquián de Escobedo'),
(1863, 'Tampamolón Corona'),
(1864, 'Coxcatlán'),
(1865, 'Huehuetlán'),
(1866, 'Xilitla'),
(1867, 'Axtla de Terrazas'),
(1868, 'Tampacán'),
(1869, 'San Martín Chalchicuautla'),
(1870, 'Tamazunchale'),
(1871, 'Matlapa'),
(1872, 'Culiacán'),
(1873, 'Navolato'),
(1874, 'Badiraguato'),
(1875, 'Cosalá'),
(1876, 'Mocorito'),
(1877, 'Guasave'),
(1878, 'Ahome'),
(1879, 'Salvador Alvarado'),
(1880, 'Angostura'),
(1881, 'Choix'),
(1882, 'El Fuerte'),
(1883, 'Sinaloa'),
(1884, 'Mazatlán'),
(1885, 'Escuinapa'),
(1886, 'Concordia'),
(1887, 'Elota'),
(1888, 'Rosario'),
(1889, 'San Ignacio'),
(1890, 'Hermosillo'),
(1891, 'San Miguel de Horcasitas'),
(1892, 'Carbó'),
(1893, 'San Luis Río Colorado'),
(1894, 'Puerto Peñasco'),
(1895, 'General Plutarco Elías Calles'),
(1896, 'Caborca'),
(1897, 'Altar'),
(1898, 'Tubutama'),
(1899, 'Atil'),
(1900, 'Oquitoa'),
(1901, 'Sáric'),
(1902, 'Benjamín Hill'),
(1903, 'Trincheras'),
(1904, 'Pitiquito'),
(1905, 'Nogales'),
(1906, 'Imuris'),
(1907, 'Santa Cruz'),
(1908, 'Magdalena'),
(1909, 'Naco'),
(1910, 'Agua Prieta'),
(1911, 'Fronteras'),
(1912, 'Nacozari de García'),
(1913, 'Bavispe'),
(1914, 'Bacerac'),
(1915, 'Huachinera'),
(1916, 'Nácori Chico'),
(1917, 'Granados'),
(1918, 'Bacadéhuachi'),
(1919, 'Cumpas'),
(1920, 'Huásabas'),
(1921, 'Moctezuma'),
(1922, 'Villa Hidalgo'),
(1923, 'Santa Ana'),
(1924, 'Cananea'),
(1925, 'Arizpe'),
(1926, 'Cucurpe'),
(1927, 'Bacoachi'),
(1928, 'San Pedro de la Cueva'),
(1929, 'Divisaderos'),
(1930, 'Tepache'),
(1931, 'Villa Pesqueira'),
(1932, 'Opodepe'),
(1933, 'Huépac'),
(1934, 'Banámichi'),
(1935, 'Ures'),
(1936, 'Aconchi'),
(1937, 'Baviácora'),
(1938, 'San Felipe de Jesús'),
(1939, 'Rayón'),
(1940, 'Cajeme'),
(1941, 'Navojoa'),
(1942, 'Huatabampo'),
(1943, 'Bácum'),
(1944, 'Etchojoa'),
(1945, 'Benito Juárez'),
(1946, 'Empalme'),
(1947, 'Guaymas'),
(1948, 'San Ignacio Río Muerto'),
(1949, 'La Colorada'),
(1950, 'Mazatán'),
(1951, 'Suaqui Grande'),
(1952, 'Sahuaripa'),
(1953, 'San Javier'),
(1954, 'Soyopa'),
(1955, 'Bacanora'),
(1956, 'Arivechi'),
(1957, 'Rosario'),
(1958, 'Quiriego'),
(1959, 'Onavas'),
(1960, 'Alamos'),
(1961, 'Yécora'),
(1962, 'Centro'),
(1963, 'Jalpa de Méndez'),
(1964, 'Nacajuca'),
(1965, 'Comalcalco'),
(1966, 'Huimanguillo'),
(1967, 'Cárdenas'),
(1968, 'Paraíso'),
(1969, 'Cunduacán'),
(1970, 'Macuspana'),
(1971, 'Centla'),
(1972, 'Jonuta'),
(1973, 'Teapa'),
(1974, 'Jalapa'),
(1975, 'Tacotalpa'),
(1976, 'Tenosique'),
(1977, 'Balancán'),
(1978, 'Emiliano Zapata'),
(1979, 'Victoria'),
(1980, 'Llera'),
(1981, 'Güémez'),
(1982, 'Casas'),
(1983, 'Matamoros'),
(1984, 'Valle Hermoso'),
(1985, 'San Fernando'),
(1986, 'Cruillas'),
(1987, 'San Nicolás'),
(1988, 'Soto la Marina'),
(1989, 'Jiménez'),
(1990, 'San Carlos'),
(1991, 'Abasolo'),
(1992, 'Padilla'),
(1993, 'Hidalgo'),
(1994, 'Mainero'),
(1995, 'Villagrán'),
(1996, 'Tula'),
(1997, 'Jaumave'),
(1998, 'Miquihuana'),
(1999, 'Bustamante'),
(2000, 'Palmillas'),
(2001, 'Ocampo'),
(2002, 'Nuevo Laredo'),
(2003, 'Miguel Alemán'),
(2004, 'Guerrero'),
(2005, 'Mier'),
(2006, 'Gustavo Díaz Ordaz'),
(2007, 'Camargo'),
(2008, 'Reynosa'),
(2009, 'Río Bravo'),
(2010, 'Méndez'),
(2011, 'Burgos'),
(2012, 'Tampico'),
(2013, 'Ciudad Madero'),
(2014, 'Altamira'),
(2015, 'Aldama'),
(2016, 'González'),
(2017, 'Xicoténcatl'),
(2018, 'Gómez Farías'),
(2019, 'El Mante'),
(2020, 'Antiguo Morelos'),
(2021, 'Nuevo Morelos'),
(2022, 'Tlaxcala'),
(2023, 'Ixtacuixtla de Mariano Matamoros'),
(2024, 'Santa Ana Nopalucan'),
(2025, 'Panotla'),
(2026, 'Totolac'),
(2027, 'Tepeyanco'),
(2028, 'Santa Isabel Xiloxoxtla'),
(2029, 'San Juan Huactzinco'),
(2030, 'Calpulalpan'),
(2031, 'Sanctórum de Lázaro Cárdenas'),
(2032, 'Benito Juárez'),
(2033, 'Hueyotlipan'),
(2034, 'Tlaxco'),
(2035, 'Nanacamilpa de Mariano Arista'),
(2036, 'Españita'),
(2037, 'Apizaco'),
(2038, 'Atlangatepec'),
(2039, 'Muñoz de Domingo Arenas'),
(2040, 'Tetla de la Solidaridad'),
(2041, 'Xaltocan'),
(2042, 'San Lucas Tecopilco'),
(2043, 'Yauhquemehcan'),
(2044, 'Xaloztoc'),
(2045, 'Tocatlán'),
(2046, 'Tzompantepec'),
(2047, 'San José Teacalco'),
(2048, 'Huamantla'),
(2049, 'Terrenate'),
(2050, 'Lázaro Cárdenas'),
(2051, 'Emiliano Zapata'),
(2052, 'Atltzayanca'),
(2053, 'Cuapiaxtla'),
(2054, 'El Carmen Tequexquitla'),
(2055, 'Ixtenco'),
(2056, 'Ziltlaltépec de Trinidad Sánchez Santos'),
(2057, 'Apetatitlán de Antonio Carvajal'),
(2058, 'Amaxac de Guerrero'),
(2059, 'Santa Cruz Tlaxcala'),
(2060, 'Cuaxomulco'),
(2061, 'Contla de Juan Cuamatzi'),
(2062, 'Tepetitla de Lardizábal'),
(2063, 'Natívitas'),
(2064, 'Santa Apolonia Teacalco'),
(2065, 'Tetlatlahuca'),
(2066, 'San Damián Texóloc'),
(2067, 'San Jerónimo Zacualpan'),
(2068, 'Zacatelco'),
(2069, 'San Lorenzo Axocomanitla'),
(2070, 'Santa Catarina Ayometla'),
(2071, 'Xicohtzinco'),
(2072, 'Papalotla de Xicohténcatl'),
(2073, 'Chiautempan'),
(2074, 'La Magdalena Tlaltelulco'),
(2075, 'San Francisco Tetlanohcan'),
(2076, 'Teolocholco'),
(2077, 'Acuamanala de Miguel Hidalgo'),
(2078, 'Santa Cruz Quilehtla'),
(2079, 'Mazatecochco de José María Morelos'),
(2080, 'Tenancingo'),
(2081, 'San Pablo del Monte'),
(2082, 'Xalapa'),
(2083, 'Tlalnelhuayocan'),
(2084, 'Xico'),
(2085, 'Ixhuacán de los Reyes'),
(2086, 'Ayahualulco'),
(2087, 'Perote'),
(2088, 'Banderilla'),
(2089, 'Rafael Lucio'),
(2090, 'Acajete'),
(2091, 'Las Vigas de Ramírez'),
(2092, 'Villa Aldama'),
(2093, 'Tlacolulan'),
(2094, 'Tonayán'),
(2095, 'Coacoatzintla'),
(2096, 'Jilotepec'),
(2097, 'Naolinco'),
(2098, 'Miahuatlán'),
(2099, 'Acatlán'),
(2100, 'Tepetlán'),
(2101, 'Juchique de Ferrer'),
(2102, 'Alto Lucero de Gutiérrez Barrios'),
(2103, 'Actopan'),
(2104, 'Coatepec'),
(2105, 'Teocelo'),
(2106, 'Cosautlán de Carvajal'),
(2107, 'Emiliano Zapata'),
(2108, 'Apazapan'),
(2109, 'Puente Nacional'),
(2110, 'Ursulo Galván'),
(2111, 'Paso de Ovejas'),
(2112, 'La Antigua'),
(2113, 'Veracruz'),
(2114, 'Pánuco'),
(2115, 'Pueblo Viejo'),
(2116, 'Tampico Alto'),
(2117, 'Tempoal'),
(2118, 'Ozuluama de Mascareñas'),
(2119, 'Tantoyuca'),
(2120, 'Platón Sánchez'),
(2121, 'Chiconamel'),
(2122, 'Chalma'),
(2123, 'Chontla'),
(2124, 'Citlaltépetl'),
(2125, 'Ixcatepec'),
(2126, 'Naranjos Amatlán'),
(2127, 'El Higo'),
(2128, 'Chinampa de Gorostiza'),
(2129, 'Tantima'),
(2130, 'Tamalín'),
(2131, 'Cerro Azul'),
(2132, 'Tepetzintla'),
(2133, 'Tancoco'),
(2134, 'Tamiahua'),
(2135, 'Huayacocotla');
INSERT INTO `municipios` (`id`, `municipio`) VALUES
(2136, 'Ilamatlán'),
(2137, 'Zontecomatlán de López y Fuentes'),
(2138, 'Texcatepec'),
(2139, 'Zacualpan'),
(2140, 'Benito Juárez'),
(2141, 'Tlachichilco'),
(2142, 'Ixhuatlán de Madero'),
(2143, 'Chicontepec'),
(2144, 'Álamo Temapache'),
(2145, 'Tuxpan'),
(2146, 'Tihuatlán'),
(2147, 'Castillo de Teayo'),
(2148, 'Cazones de Herrera'),
(2149, 'Zozocolco de Hidalgo'),
(2150, 'Chumatlán'),
(2151, 'Coxquihui'),
(2152, 'Mecatlán'),
(2153, 'Filomeno Mata'),
(2154, 'Coahuitlán'),
(2155, 'Coyutla'),
(2156, 'Coatzintla'),
(2157, 'Espinal'),
(2158, 'Poza Rica de Hidalgo'),
(2159, 'Papantla'),
(2160, 'Gutiérrez Zamora'),
(2161, 'Tecolutla'),
(2162, 'Martínez de la Torre'),
(2163, 'San Rafael'),
(2164, 'Tlapacoyan'),
(2165, 'Jalacingo'),
(2166, 'Atzalan'),
(2167, 'Altotonga'),
(2168, 'Las Minas'),
(2169, 'Tatatila'),
(2170, 'Tenochtitlán'),
(2171, 'Nautla'),
(2172, 'Misantla'),
(2173, 'Landero y Coss'),
(2174, 'Chiconquiaco'),
(2175, 'Yecuatla'),
(2176, 'Colipa'),
(2177, 'Vega de Alatorre'),
(2178, 'Jalcomulco'),
(2179, 'Tlaltetela'),
(2180, 'Tenampa'),
(2181, 'Totutla'),
(2182, 'Sochiapa'),
(2183, 'Tlacotepec de Mejía'),
(2184, 'Huatusco'),
(2185, 'Calcahualco'),
(2186, 'Alpatláhuac'),
(2187, 'Coscomatepec'),
(2188, 'La Perla'),
(2189, 'Chocamán'),
(2190, 'Tomatlán'),
(2191, 'Ixhuatlán del Café'),
(2192, 'Tepatlaxco'),
(2193, 'Comapa'),
(2194, 'Zentla'),
(2195, 'Camarón de Tejeda'),
(2196, 'Soledad de Doblado'),
(2197, 'Manlio Fabio Altamirano'),
(2198, 'Jamapa'),
(2199, 'Medellín'),
(2200, 'Boca del Río'),
(2201, 'Orizaba'),
(2202, 'Rafael Delgado'),
(2203, 'Mariano Escobedo'),
(2204, 'Ixhuatlancillo'),
(2205, 'Atzacan'),
(2206, 'Ixtaczoquitlán'),
(2207, 'Fortín'),
(2208, 'Córdoba'),
(2209, 'Maltrata'),
(2210, 'Nogales'),
(2211, 'Río Blanco'),
(2212, 'Camerino Z. Mendoza'),
(2213, 'Aquila'),
(2214, 'Acultzingo'),
(2215, 'Soledad Atzompa'),
(2216, 'Huiloapan de Cuauhtémoc'),
(2217, 'Tlaquilpa'),
(2218, 'Astacinga'),
(2219, 'Xoxocotla'),
(2220, 'Atlahuilco'),
(2221, 'Tequila'),
(2222, 'San Andrés Tenejapan'),
(2223, 'Tlilapan'),
(2224, 'Magdalena'),
(2225, 'Naranjal'),
(2226, 'Coetzala'),
(2227, 'Omealca'),
(2228, 'Cuitláhuac'),
(2229, 'Cuichapa'),
(2230, 'Yanga'),
(2231, 'Amatlán de los Reyes'),
(2232, 'Atoyac'),
(2233, 'Paso del Macho'),
(2234, 'Carrillo Puerto'),
(2235, 'Cotaxtla'),
(2236, 'Zongolica'),
(2237, 'Tehuipango'),
(2238, 'Mixtla de Altamirano'),
(2239, 'Los Reyes'),
(2240, 'Texhuacán'),
(2241, 'Tezonapa'),
(2242, 'Tierra Blanca'),
(2243, 'Tlalixcoyan'),
(2244, 'Ignacio de la Llave'),
(2245, 'Alvarado'),
(2246, 'Lerdo de Tejada'),
(2247, 'Tres Valles'),
(2248, 'Carlos A. Carrillo'),
(2249, 'Cosamaloapan de Carpio'),
(2250, 'Ixmatlahuacan'),
(2251, 'Acula'),
(2252, 'Amatitlán'),
(2253, 'Tlacotalpan'),
(2254, 'Saltabarranca'),
(2255, 'Otatitlán'),
(2256, 'Tlacojalpan'),
(2257, 'Tuxtilla'),
(2258, 'Chacaltianguis'),
(2259, 'José Azueta'),
(2260, 'Playa Vicente'),
(2261, 'Santiago Sochiapan'),
(2262, 'Isla'),
(2263, 'Juan Rodríguez Clara'),
(2264, 'San Andrés Tuxtla'),
(2265, 'Santiago Tuxtla'),
(2266, 'Angel R. Cabada'),
(2267, 'Hueyapan de Ocampo'),
(2268, 'Catemaco'),
(2269, 'Soteapan'),
(2270, 'Mecayapan'),
(2271, 'Tatahuicapan de Juárez'),
(2272, 'Pajapan'),
(2273, 'Chinameca'),
(2274, 'Acayucan'),
(2275, 'San Juan Evangelista'),
(2276, 'Sayula de Alemán'),
(2277, 'Oluta'),
(2278, 'Soconusco'),
(2279, 'Texistepec'),
(2280, 'Jáltipan'),
(2281, 'Zaragoza'),
(2282, 'Oteapan'),
(2283, 'Cosoleacaque'),
(2284, 'Nanchital de Lázaro Cárdenas del Río'),
(2285, 'Ixhuatlán del Sureste'),
(2286, 'Moloacán'),
(2287, 'Coatzacoalcos'),
(2288, 'Agua Dulce'),
(2289, 'Minatitlán'),
(2290, 'Hidalgotitlán'),
(2291, 'Jesús Carranza'),
(2292, 'Las Choapas'),
(2293, 'Uxpanapa'),
(2294, 'Mérida'),
(2295, 'Progreso'),
(2296, 'Chicxulub Pueblo'),
(2297, 'Ixil'),
(2298, 'Conkal'),
(2299, 'Yaxkukul'),
(2300, 'Hunucmá'),
(2301, 'Ucú'),
(2302, 'Kinchil'),
(2303, 'Tetiz'),
(2304, 'Celestún'),
(2305, 'Kanasín'),
(2306, 'Timucuy'),
(2307, 'Acanceh'),
(2308, 'Tixpéhual'),
(2309, 'Umán'),
(2310, 'Telchac Pueblo'),
(2311, 'Dzemul'),
(2312, 'Telchac Puerto'),
(2313, 'Cansahcab'),
(2314, 'Sinanché'),
(2315, 'Yobaín'),
(2316, 'Motul'),
(2317, 'Baca'),
(2318, 'Mocochá'),
(2319, 'Muxupip'),
(2320, 'Cacalchén'),
(2321, 'Bokobá'),
(2322, 'Tixkokob'),
(2323, 'Hoctún'),
(2324, 'Tahmek'),
(2325, 'Dzidzantún'),
(2326, 'Temax'),
(2327, 'Tekantó'),
(2328, 'Teya'),
(2329, 'Suma'),
(2330, 'Tepakán'),
(2331, 'Tekal de Venegas'),
(2332, 'Izamal'),
(2333, 'Hocabá'),
(2334, 'Xocchel'),
(2335, 'Seyé'),
(2336, 'Cuzamá'),
(2337, 'Homún'),
(2338, 'Sanahcat'),
(2339, 'Huhí'),
(2340, 'Dzilam González'),
(2341, 'Dzilam de Bravo'),
(2342, 'Panabá'),
(2343, 'San Felipe'),
(2344, 'Buctzotz'),
(2345, 'Sucilá'),
(2346, 'Cenotillo'),
(2347, 'Dzoncauich'),
(2348, 'Tunkás'),
(2349, 'Quintana Roo'),
(2350, 'Dzitás'),
(2351, 'Kantunil'),
(2352, 'Sudzal'),
(2353, 'Tekit'),
(2354, 'Sotuta'),
(2355, 'Tizimín'),
(2356, 'Río Lagartos'),
(2357, 'Espita'),
(2358, 'Temozón'),
(2359, 'Calotmul'),
(2360, 'Tinum'),
(2361, 'Chankom'),
(2362, 'Chichimilá'),
(2363, 'Tixcacalcupul'),
(2364, 'Kaua'),
(2365, 'Cuncunul'),
(2366, 'Tekom'),
(2367, 'Chemax'),
(2368, 'Valladolid'),
(2369, 'Uayma'),
(2370, 'Maxcanú'),
(2371, 'Samahil'),
(2372, 'Opichén'),
(2373, 'Chocholá'),
(2374, 'Kopomá'),
(2375, 'Tecoh'),
(2376, 'Abalá'),
(2377, 'Halachó'),
(2378, 'Muna'),
(2379, 'Sacalum'),
(2380, 'Maní'),
(2381, 'Dzán'),
(2382, 'Chapab'),
(2383, 'Ticul'),
(2384, 'Oxkutzcab'),
(2385, 'Santa Elena'),
(2386, 'Mama'),
(2387, 'Chumayel'),
(2388, 'Mayapán'),
(2389, 'Teabo'),
(2390, 'Cantamayec'),
(2391, 'Yaxcabá'),
(2392, 'Peto'),
(2393, 'Chikindzonot'),
(2394, 'Tahdziú'),
(2395, 'Tixmehuac'),
(2396, 'Chacsinkín'),
(2397, 'Tzucacab'),
(2398, 'Tekax'),
(2399, 'Akil'),
(2400, 'Zacatecas'),
(2401, 'Morelos'),
(2402, 'Vetagrande'),
(2403, 'Concepción del Oro'),
(2404, 'Melchor Ocampo'),
(2405, 'Mazapil'),
(2406, 'El Salvador'),
(2407, 'Juan Aldama'),
(2408, 'Miguel Auza'),
(2409, 'General Francisco R. Murguía'),
(2410, 'Río Grande'),
(2411, 'Villa de Cos'),
(2412, 'Cañitas de Felipe Pescador'),
(2413, 'Calera'),
(2414, 'Pánuco'),
(2415, 'General Enrique Estrada'),
(2416, 'Guadalupe'),
(2417, 'Trancoso'),
(2418, 'Genaro Codina'),
(2419, 'Cuauhtémoc'),
(2420, 'Ojocaliente'),
(2421, 'General Pánfilo Natera'),
(2422, 'Luis Moya'),
(2423, 'Loreto'),
(2424, 'Villa González Ortega'),
(2425, 'Noria de Ángeles'),
(2426, 'Villa García'),
(2427, 'Pinos'),
(2428, 'Villa Hidalgo'),
(2429, 'Fresnillo'),
(2430, 'Sombrerete'),
(2431, 'Sain Alto'),
(2432, 'Valparaíso'),
(2433, 'Chalchihuites'),
(2434, 'Jiménez del Teul'),
(2435, 'Jerez'),
(2436, 'Monte Escobedo'),
(2437, 'Susticacán'),
(2438, 'Villanueva'),
(2439, 'Tepetongo'),
(2440, 'El Plateado de Joaquín Amaro'),
(2441, 'Jalpa'),
(2442, 'Tabasco'),
(2443, 'Huanusco'),
(2444, 'Tlaltenango de Sánchez Román'),
(2445, 'Momax'),
(2446, 'Atolinga'),
(2447, 'Tepechitlán'),
(2448, 'Benito Juárez'),
(2449, 'Teúl de González Ortega'),
(2450, 'Santa María de la Paz'),
(2451, 'Trinidad García de la Cadena'),
(2452, 'Mezquital del Oro'),
(2453, 'Nochistlán de Mejía'),
(2454, 'Apulco'),
(2455, 'Apozol'),
(2456, 'Juchipila'),
(2457, 'Moyahua de Estrada');

-- --------------------------------------------------------

--
-- Table structure for table `tblcategorias`
--

CREATE TABLE `tblcategorias` (
  `IdCategoria` int(11) NOT NULL,
  `Descripcion` varchar(255) NOT NULL
) ENGINE=InnoDB DEFAULT CHARSET=utf8mb4;

--
-- Dumping data for table `tblcategorias`
--

INSERT INTO `tblcategorias` (`IdCategoria`, `Descripcion`) VALUES
(1, 'Dj'),
(2, 'Banda'),
(3, 'Orquesta'),
(4, 'Mariachi'),
(5, 'Grupo Versátil'),
(6, 'Banda de Rock'),
(7, 'Norteño'),
(8, 'Solista'),
(9, 'Chef'),
(10, 'Comida Mexicana'),
(11, 'Snacks'),
(12, 'Cortes'),
(13, 'Mesa de Postres'),
(14, 'Pasteleria'),
(15, 'Proveedora de Dulces'),
(16, 'Jardin'),
(17, 'Salón de fiestas familiar'),
(18, 'Hacienda'),
(19, 'Terraza'),
(20, 'Salón con Jardín'),
(21, 'Bar'),
(22, 'Antro'),
(23, 'Bartender'),
(24, 'Coctelería'),
(25, 'Barras Libres'),
(26, 'Proveedor de Bebidas Alcohólicas'),
(27, 'Meseros'),
(28, 'Capitán de Meseros'),
(29, 'Proveedor de bebidas'),
(30, 'Proveedor de mobiliario'),
(31, 'Globoflexia'),
(32, 'Papiroflexia'),
(33, 'Proveedor de souvenirs'),
(34, 'Fotografo'),
(35, 'Estudio de Fotos'),
(36, 'Camarógrafo'),
(37, 'Fotografía y video'),
(38, 'Payaso'),
(39, 'Comediante'),
(40, 'Mago'),
(41, 'Inflables'),
(42, 'Juegos Mecanicos'),
(43, 'Video Juegos'),
(44, 'Planta de Luz'),
(45, 'Albercas'),
(46, 'Albercas'),
(47, ''),
(48, 'Estilista'),
(49, 'Salon de belleza'),
(50, 'Comida Hindu'),
(51, 'Letras Gigantes'),
(52, 'Equipo de decoracion'),
(53, 'Audio e Iluminacion'),
(54, 'Rockolas'),
(55, 'Maquillaje Infantil'),
(56, 'Juegos Para Niños'),
(57, 'Mesa de dulces '),
(58, 'Pasteleria y Reposteria'),
(59, 'Trio'),
(60, 'Salon de fiestas infantiles'),
(61, 'Logistica, Seguridad, Servicio Médico'),
(62, ''),
(63, ''),
(64, ''),
(65, '');

-- --------------------------------------------------------

--
-- Table structure for table `tblestatusnegocio`
--

CREATE TABLE `tblestatusnegocio` (
  `IdEstatus` int(11) NOT NULL,
  `Descripcion` varchar(255) NOT NULL
) ENGINE=InnoDB DEFAULT CHARSET=utf8mb4;

--
-- Dumping data for table `tblestatusnegocio`
--

INSERT INTO `tblestatusnegocio` (`IdEstatus`, `Descripcion`) VALUES
(1, 'Aceptado'),
(2, 'En proceso');

-- --------------------------------------------------------

--
-- Table structure for table `tblimagenesbanner`
--

CREATE TABLE `tblimagenesbanner` (
  `IdImagenBanner` int(11) NOT NULL,
  `Nombre` varchar(255) NOT NULL,
  `UrlImagen` varchar(255) NOT NULL,
  `Imagen` varchar(255) NOT NULL,
  `Estado` int(11) NOT NULL
) ENGINE=InnoDB DEFAULT CHARSET=utf8mb4;

--
-- Dumping data for table `tblimagenesbanner`
--

INSERT INTO `tblimagenesbanner` (`IdImagenBanner`, `Nombre`, `UrlImagen`, `Imagen`, `Estado`) VALUES
(1, 'vjhj', 'https://www.instagram.com/?hl=es', '1-EM AGROINSUMOS.png', 0),
(2, '', '', '2-b23_Mesa de trabajo 1.png', 0),
(3, 'Banner', '', '3-b23_Mesa de trabajo 1.png', 0),
(4, 'Banner', 'https://www.instagram.com/p/CaGYE1ot78t/', '4-b23_Mesa de trabajo 1.png', 0),
(5, 'Banner_1', 'https://www.instagram.com/p/CaGYE1ot78t/', '5-b23_Mesa de trabajo 1.png', 0),
(6, 'B_2', 'https://www.instagram.com/p/CaGYE1ot78t/', '6-banner_2.0-02.png', 0),
(7, '100+', 'https://www.instagram.com/p/CXy5PTKl33Z/', '7-all.jfif', 1),
(8, 'Prueba 1', 'https://allmyparty.com/pag/muestraNegocio.php?IdNegocio=23', '8-91287000_916496358820240_873818698463313920_n.jpg', 0),
(9, 'Registro', 'https://www.allmyparty.com/pag/loginUser.php?IdNegocio=49', '9-¡Ya te puedes registrar en my party!.png', 1),
(10, 'Banner_Servicios ', 'https://www.instagram.com/p/CeK0GVlO5Cz/?utm_source=ig_web_copy_link', '10-igmy_Mesa de trabajo 1-04.png', 1);

-- --------------------------------------------------------

--
-- Table structure for table `tblimagennegocio`
--

CREATE TABLE `tblimagennegocio` (
  `IdImagenNegocio` int(11) NOT NULL,
  `IdNegocio` int(11) NOT NULL,
  `Ruta` varchar(255) NOT NULL
) ENGINE=InnoDB DEFAULT CHARSET=utf8mb4;

--
-- Dumping data for table `tblimagennegocio`
--

INSERT INTO `tblimagennegocio` (`IdImagenNegocio`, `IdNegocio`, `Ruta`) VALUES
(1, 23, '65685917_716620298807848_2261979251248988160_n.jpg'),
(2, 23, 'l4.jpg'),
(3, 23, 'l2.jpg'),
(4, 23, 'l1.jpg'),
(5, 23, 'l3.jpg'),
(6, 23, 'l6.jpg'),
(7, 23, 'l5.jpg'),
(15, 25, 't2.jpeg'),
(16, 25, 't3.jpeg'),
(17, 25, 't5.jpeg'),
(18, 25, 't7.jpeg'),
(19, 25, 't1.jpeg'),
(20, 25, 't6.jpeg'),
(21, 25, 't4.jpeg'),
(22, 26, 'FB_IMG_1632511869652.jpg'),
(23, 26, 'IMG-20210924-WA0008.jpg'),
(24, 26, 'FB_IMG_1632511896743.jpg'),
(25, 26, 'FB_IMG_1632511904502.jpg'),
(26, 26, 'FB_IMG_1632513027184.jpg'),
(27, 26, 'FB_IMG_1632513044934.jpg'),
(28, 26, 'FB_IMG_1632513034695.jpg'),
(29, 27, 'inbound7924474496972070847.jpg'),
(30, 27, 'inbound4302591166057747819.jpg'),
(31, 27, 'inbound7752012335394162318.jpg'),
(32, 27, 'inbound5440895275431041581.jpg'),
(33, 27, 'inbound5085650968917246635.jpg'),
(34, 27, 'inbound6325848602613296231.jpg'),
(35, 27, 'inbound7852494036275963387.jpg'),
(36, 28, '0001-8459393287_20210922_193225_0000.png'),
(37, 28, 'FB_IMG_1632236353089.jpg'),
(38, 28, 'FB_IMG_1632236345585.jpg'),
(39, 28, 'FB_IMG_1632236338069.jpg'),
(40, 28, 'FB_IMG_1632236324204.jpg'),
(41, 28, 'FB_IMG_1632236315587.jpg'),
(42, 28, 'FB_IMG_1632236324204.jpg'),
(50, 30, '0001-5656020404_20210809_195341_0000.png'),
(51, 30, 'IMG_20210809_214735.jpg'),
(52, 30, '20210617_220601_0000.png'),
(53, 30, '20210620_100213_0000.png'),
(54, 30, '0001-3555219407_20210628_155302_0000.png'),
(55, 30, 'IMG-20210913-WA0052.jpg'),
(56, 30, 'IMG-20210913-WA0056.jpg'),
(57, 31, '20210821_200246_0000.png'),
(58, 31, '0001-6380323820_20210821_193330_0000.png'),
(59, 31, 'received_603693957481634.jpeg'),
(60, 31, '20210922_185133_0000.png'),
(61, 31, '0001-8459334807_20210922_193109_0000.png'),
(62, 31, '0001-8524124783_20210923_144647_0000.png'),
(63, 31, '20210923_221731_0000.png'),
(64, 32, 'inbound6509490250371127366.jpg'),
(65, 32, 'inbound5624828752413461176.jpg'),
(66, 32, 'inbound4582092704143660814.jpg'),
(67, 32, 'inbound2550313521593985230.jpg'),
(68, 32, 'inbound6352032860314673790.jpg'),
(69, 32, 'inbound2341435367709367492.jpg'),
(70, 32, 'inbound5701350689111709128.jpg'),
(71, 33, 'inbound2844394171354817176.jpg'),
(72, 33, 'inbound4249890061559558820.jpg'),
(73, 33, 'inbound1270126728525359836.jpg'),
(74, 33, 'inbound5878198588418434149.jpg'),
(75, 33, 'inbound9174289154325357759.jpg'),
(76, 33, 'inbound1387774060824091003.jpg'),
(77, 33, 'inbound5812382687449291713.jpg'),
(78, 34, 'inbound659577354051674593.jpg'),
(79, 34, 'inbound2133098480481573937.jpg'),
(80, 34, 'inbound7930294702148525300.jpg'),
(81, 34, 'inbound3418708873589120445.jpg'),
(82, 34, 'inbound7035591910184663589.jpg'),
(83, 34, 'inbound3412356548013039793.jpg'),
(84, 34, 'inbound375915965216398302.jpg'),
(85, 35, 'inbound283276459506258040.png'),
(86, 35, 'inbound7317481737356044334.mp4'),
(87, 35, 'inbound171301587864659565.png'),
(88, 35, 'inbound1461340442866616192.png'),
(89, 35, 'inbound4274540138409937616.jpg'),
(90, 35, 'inbound2313485691300955709.png'),
(91, 35, 'inbound8366007832680492033.jpg'),
(92, 36, '3376522C-D117-44C2-8A28-E2AF1467D122.jpeg'),
(93, 36, '537F944A-2971-4E75-B882-8960716A3A61.jpeg'),
(94, 36, '8B1C5713-8B4A-4C5B-84D1-BB2D631B51CF.jpeg'),
(95, 36, 'B1DDE975-295E-43B1-B0B8-0FC5CD7FA586.jpeg'),
(96, 36, '69B47229-1CE5-444E-A762-3B7B08D32887.jpeg'),
(97, 36, '2485ACB0-479A-4725-8A61-444FE86D4C80.jpeg'),
(98, 36, '8304CABF-54AE-48D9-99C9-6F0739E53E8C.jpeg'),
(99, 37, 'IMG_20211002_230202_552.jpg'),
(100, 37, 'IMG_20211015_104802_897.jpg'),
(101, 37, 'IMG_20211015_103940_716.jpg'),
(102, 37, 'IMG_20211002_004103_116.webp'),
(103, 37, 'IMG_20210408_010349_134.jpg'),
(104, 37, 'IMG_20210409_224756_065.jpg'),
(105, 37, 'IMG_20211015_103912_762.jpg'),
(106, 38, 'perfil.jpg'),
(107, 38, '62226991_2207021296277440_6204513913329942528_n.jpg'),
(108, 38, '60065825_2192906794355557_6065421771111137280_n.jpg'),
(109, 38, '56560619_2167929230186647_3994039617836810240_n.jpg'),
(110, 38, '53886107_2155211261458444_6264292981847621632_n.jpg'),
(111, 38, '49899777_2116262765353294_7278825353072607232_n.jpg'),
(112, 38, '46492442_2079971365649101_6540792586838212608_n.jpg'),
(113, 39, '239066987_106960638367404_8265542822056863424_n.jpg'),
(114, 39, '244969386_123735883356546_579114572112310533_n.jpg'),
(115, 39, '245001313_123735786689889_6503471217782124017_n.jpg'),
(116, 39, '245026518_123735820023219_5314480961928744395_n.jpg'),
(117, 39, '245029470_123735916689876_5869925101459694545_n.jpg'),
(118, 39, '245051122_123735853356549_3565293756746312227_n.jpg'),
(119, 39, '244562081_123021390094662_8729701416792857744_n.jpg'),
(120, 40, '21741169_1157362011030622_7151304718989857800_o.jpg'),
(121, 40, '26195907_1242009535899202_3627911959495807089_n.jpg'),
(122, 40, '27332681_1266747580092064_508844996492563065_n.jpg'),
(123, 40, '244525216_3879977845435678_8460185145911568778_n.jpg'),
(124, 40, '244545438_3879977655435697_9196551905982230996_n.jpg'),
(125, 40, '245353344_3904707789629350_1469156878690186913_n.jpg'),
(126, 40, '245924978_3913154868784642_7455960798215552764_n.jpg'),
(127, 41, '98331767_912995092497261_4708292395693768704_n.jpg'),
(128, 41, '169787616_1146039912526110_1455685223764471234_n.jpg'),
(129, 41, '169599761_1146040122526089_1270483206579697843_n.jpg'),
(130, 41, '169617773_1146040152526086_7030411407796184244_n.jpg'),
(131, 41, '169746273_1146039805859454_1834833413657657315_n.jpg'),
(132, 41, '170209748_1146039875859447_2406572084589532936_n.jpg'),
(133, 41, '169758734_1146040049192763_5313273901579271780_n.jpg'),
(134, 42, '50658182_2241281276192776_4944430960348233728_n.jpg'),
(135, 42, '244988053_3066733676980861_5852772350169510919_n.jpg'),
(136, 42, '244990596_3066733910314171_4537350435854940547_n.jpg'),
(137, 42, '245095431_3066734046980824_6540290256869418564_n.jpg'),
(138, 42, '245105374_3066734096980819_5456320345420807221_n.jpg'),
(139, 42, '245138864_3066733986980830_7813367108988045366_n.jpg'),
(140, 42, '245194436_3066733800314182_7323080156134502402_n.jpg'),
(141, 43, '95348058_2852150854854472_7106214152204451840_n.jpg'),
(142, 43, '241652468_4251306964938847_8231577663127425759_n.jpg'),
(143, 43, '241823460_4262380193831524_5121638793626180359_n.jpg'),
(144, 43, '244777073_4346675575401985_1390982361993385841_n.jpg'),
(145, 43, '245106725_4346675058735370_248595888689012794_n.jpg'),
(146, 43, '245165060_4346675198735356_897389830110600699_n.jpg'),
(147, 43, '240502716_4200394736696737_241080853546500531_n.jpg'),
(148, 44, 'soundfeel 1.jpg'),
(149, 44, 'WhatsApp Image 2021-10-19 at 11.37.30 AM.jpeg'),
(150, 44, 'WhatsApp Image 2021-10-19 at 11.37.29 AM.jpeg'),
(151, 44, 'WhatsApp Image 2021-10-19 at 11.36.38 AM.jpeg'),
(152, 44, 'WhatsApp Image 2021-10-19 at 11.36.19 AM.jpeg'),
(153, 44, 'WhatsApp Image 2021-10-19 at 11.37.30 AM (1).jpeg'),
(154, 44, 'WhatsApp Image 2021-10-19 at 11.37.30 AM (2).jpeg'),
(155, 45, 'received_2662602763988563~2.jpeg'),
(156, 45, 'received_979899306149505.jpeg'),
(157, 45, 'IMG_20211009_160148923_HDR.jpg'),
(158, 45, 'received_1151847141821365.jpeg'),
(159, 45, 'IMG-20200203-WA0024.jpg'),
(160, 45, 'received_1292812494484047.mp4'),
(161, 45, 'received_308583430863603.mp4'),
(162, 46, 'AAD3D5C0-82AB-4F8C-BAC0-AED80191E225.jpeg'),
(163, 46, 'trim.818ECCEC-421D-4053-9B01-C491DB852605.MOV'),
(164, 46, 'F6DA76DC-8A01-4772-B933-25C43A7605F6.jpeg'),
(165, 46, 'F8402DA7-EB15-40BB-A046-30C98501C57A.jpeg'),
(166, 46, '20F93E4E-A972-4A2C-B2CF-9214AFB9FE2B.jpeg'),
(167, 46, 'trim.A70B9F61-DB09-4271-AC82-21A320193A32.MOV'),
(168, 46, 'trim.6B907FF7-B846-44D9-8A24-15C1BEC21655.MOV'),
(169, 47, 'PicsArt_05-07-06.56.26.jpg'),
(170, 47, 'PicsArt_05-07-07.52.23.jpg'),
(171, 47, 'received_503695523787956.jpeg'),
(172, 47, 'FB_IMG_1621368014377.jpg'),
(173, 47, 'Screenshot_20210518-151602~2.png'),
(174, 47, 'Screenshot_20210501-112031.png'),
(175, 47, 'Screenshot_20210522-220141.png'),
(176, 48, '194902053_2794760294106744_9116956622358329823_n.jpg'),
(177, 48, '194902053_2794760294106744_9116956622358329823_n.jpg'),
(178, 48, '170995007_2758834111032696_1039681137834852296_n.jpg'),
(179, 48, '170977962_2758834071032700_1659640557307955573_n.jpg'),
(180, 48, '170746757_2758834004366040_5447738949434779463_n.jpg'),
(181, 48, '170641153_2758834154366025_7243701526110133300_n.jpg'),
(182, 48, '189819882_2790467907869316_4884928217906337347_n.jpg'),
(183, 49, '28577233_1943960805676480_7010532415040060789_n.jpg'),
(184, 49, '220453479_5997227060349814_8110124592667925948_n.jpg'),
(185, 49, '202760229_5832782536794268_7293083908145182398_n.jpg'),
(186, 49, '82038264_3447929905279555_2845633863319814144_n.jpg'),
(187, 49, '81219124_3447930188612860_1672653276597714944_n.jpg'),
(188, 49, '81205175_3447930065279539_7544805977564905472_n.jpg'),
(189, 49, '80520832_3447930325279513_278068427694800896_n.jpg'),
(190, 50, 'Screenshot_20211019-183557_Facebook.jpg'),
(191, 50, '20211010_110554.jpg'),
(192, 50, '20211010_161558.jpg'),
(193, 50, '20211010_094517.jpg'),
(194, 50, '20210829_114219.jpg'),
(195, 50, '20211010_095054.jpg'),
(196, 50, '20210919_102623.jpg'),
(197, 51, '22279777_1486094004761304_7988576154293266709_n.jpg'),
(198, 51, '92017727_2852680484769309_8529434660466327552_n.jpg'),
(199, 51, '92876202_2871397949564229_7650587221019328512_n.jpg'),
(200, 51, '93515943_2866276280076396_2942731271312244736_n.jpg'),
(201, 51, '94116953_2871397909564233_6454167133747150848_n.jpg'),
(202, 51, '94882376_2886312571406100_6819848637967761408_n.jpg'),
(203, 51, '95779746_2901603849876972_4815814105925419008_n.jpg'),
(204, 52, '49813287_1757061914400102_2001472927647662080_n.jpg'),
(205, 52, '59640887_1905511626221796_8428014775912366080_n.jpg'),
(206, 52, '89254397_2485247171581569_39604709480202240_n.jpg'),
(207, 52, '240520484_3865131510259788_2307561007761910703_n.jpg'),
(208, 52, '240534545_3865131376926468_2088389308423918052_n.jpg'),
(209, 52, '245909646_4033442510095353_8554343929776194473_n.jpg'),
(210, 52, '245941437_4033442400095364_3725122349158481723_n.jpg'),
(211, 53, 'inbound1380260814945569665.png'),
(212, 53, 'inbound8294337251451204043.jpg'),
(213, 53, 'inbound7407782557438828972.jpg'),
(214, 53, 'inbound5847575009861745757.jpg'),
(215, 53, 'inbound5446505769112246629.jpg'),
(216, 53, 'inbound8496352890548060953.png'),
(217, 53, 'inbound4072325345176215134.jpg'),
(218, 54, 'PicsArt_09-06-11.13.16.jpg'),
(219, 54, 'IMG-20210902-WA0052.jpg'),
(220, 54, 'IMG-20210902-WA0054.jpg'),
(221, 54, 'IMG-20210902-WA0060.jpg'),
(222, 54, 'IMG-20210902-WA0070.jpg'),
(223, 54, 'IMG-20210902-WA0073.jpg'),
(224, 54, 'IMG-20210902-WA0067.jpg'),
(225, 55, '244753433_275784324549240_3805757803067735426_n.jpg'),
(226, 55, '239441580_239517238175949_5846537948504292784_n.jpg'),
(227, 55, '204865915_893569254526118_7156586136126804615_n.jpg'),
(228, 55, '201516502_893569257859451_4681648405565699858_n.jpg'),
(229, 55, '140922453_803306276885750_2553111905057624992_n.jpg'),
(230, 55, '130007571_779015609314817_7062726425063205435_n.jpg'),
(231, 55, '123590604_756850951531283_5514760202755359171_n.jpg'),
(232, 56, '50656834_448341919036690_2919718316849233920_n.jpg'),
(233, 56, '244684522_1087752715095604_4453848554399050895_n.jpg'),
(234, 56, '244701674_1087752875095588_7151920502146870987_n.jpg'),
(235, 56, '244741092_1087753301762212_644859169099044715_n.jpg'),
(236, 56, '244787307_1087752781762264_1977087581294787651_n.jpg'),
(237, 56, '244876868_1087753378428871_3153305192187807866_n.jpg'),
(238, 56, '244920789_1087753431762199_2043165974300586009_n.jpg'),
(239, 57, '170546010_1906836752799913_4895643131630588596_n.jpg'),
(240, 57, '118762293_1723694517780805_6382940202962690908_n.jpg'),
(241, 57, '118671758_1725767967573460_4464979924844457010_n.jpg'),
(242, 57, '118280758_1720169094800014_3551379338497532387_n.jpg'),
(243, 57, '118200503_1716528211830769_8903352571633448030_n.jpg'),
(244, 57, '117604794_1711360799014177_8634664268543483516_n.jpg'),
(245, 57, '117638571_1706567342826856_8091605247188546190_n.jpg'),
(246, 58, '38462124_708090752861585_8690716910133706752_n.jpg'),
(247, 58, '70220249_985382925132365_2259059708574826496_n.jpg'),
(248, 58, '70366836_980847592252565_2051528585344188416_n.jpg'),
(249, 58, '70789787_980848422252482_203314118180995072_n.jpg'),
(250, 58, '73003301_1018997141770943_4562248423704625152_n.jpg'),
(251, 58, '75439497_1018999105104080_2204137642478534656_n.jpg'),
(252, 58, '78661807_1057090277961629_5618663439099494400_n.jpg'),
(253, 59, '56328742_624281804682217_8004594922525032448_n.jpg'),
(254, 59, '56364640_625897067854024_2534829379578494976_n.jpg'),
(255, 59, '57159882_630051877438543_7045591371721211904_n.jpg'),
(256, 59, '67493152_695110810932649_6620303220445020160_n.jpg'),
(257, 59, '69361417_716348332142230_363360246195814400_n.jpg'),
(258, 59, '69364292_716348372142226_4845750710878339072_n.jpg'),
(259, 59, '69467309_716348445475552_7635780965511462912_n.jpg'),
(260, 60, '38876985_2178404052231525_5716129905041735680_n.png'),
(261, 60, '84866875_3525893270815923_503115299436888064_n.jpg'),
(262, 60, '86701142_3560995663972350_7621294315699961856_n.jpg'),
(263, 60, '87291414_3582938581778058_1836442533035507712_n.jpg'),
(264, 60, '87352669_3582949221776994_7697318664223064064_n.jpg'),
(265, 60, '178200695_5452374294834468_1297945007007680884_n.jpg'),
(266, 60, '179003149_5452359568169274_7507503188877651351_n.jpg'),
(267, 61, '26239102_325448091294302_8691219705383106337_n.jpg'),
(268, 61, '27024097_330919507413827_5971065877505993256_o.jpg'),
(269, 61, '69816449_755780874927686_440922175831015424_n.jpg'),
(270, 61, '78093356_755780888261018_1667050156752633856_n.jpg'),
(271, 61, '85009994_819641808541592_4850699260527640576_n.jpg'),
(272, 61, '85121361_819643031874803_4220917343942868992_n.jpg'),
(273, 61, '26168459_325449787960799_4535157282873023230_n.jpg'),
(274, 62, '247642053_921584445426144_3405286257534604795_n.jpg'),
(275, 62, '245302041_916360652615190_648688161940934140_n.jpg'),
(276, 62, '244771646_912578626326726_4649165676451618727_n.jpg'),
(277, 62, '243150949_905267123724543_4736162756032191734_n.jpg'),
(278, 62, '243095910_905266523724603_1803271885019835674_n.jpg'),
(279, 62, '241729188_896720867912502_4839271613170511289_n.jpg'),
(280, 62, '243062509_905396140378308_3303406087087842854_n.jpg'),
(281, 63, '53855847_2179163139079705_8665235208468955136_n.jpg'),
(282, 63, '70304579_2312470815748936_1465679253575041024_n.jpg'),
(283, 63, '72765698_2344768905852460_862511763264897024_n.jpg'),
(284, 63, '76908813_2374636566199027_7837605211077083136_n.jpg'),
(285, 63, '84249139_2452304561765560_6436026209796096000_n.jpg'),
(286, 63, '118085460_2611055119223836_6984609970727867767_n.jpg'),
(287, 63, '118398500_2617454841917197_7942613782088973239_n.jpg'),
(288, 64, '89259668_644236426327142_7765210724099424256_n.jpg'),
(289, 64, '86390879_629054301178688_4525226991024078848_n.jpg'),
(290, 64, '80832984_596675144416604_137322375174684672_n.jpg'),
(291, 64, '67807092_648864765864308_6273463402744512512_n.jpg'),
(292, 64, '22254748_124420411642082_3052734288007602731_o.jpg'),
(293, 64, '22338825_124420204975436_3659620948799768765_o.jpg'),
(294, 64, '28828841_207324953351627_5291200475928741871_o.jpg'),
(295, 65, '78649246_103127274502488_3286031331586211840_n.jpg'),
(296, 65, '240971422_399314024883810_8668933140573342170_n.jpg'),
(297, 65, '240805470_399314008217145_3946693011419565871_n.jpg'),
(298, 65, '121462608_212779726870575_3684984662245400171_n.jpg'),
(299, 65, '121152391_212779766870571_3085337822239340797_n.jpg'),
(300, 65, '121122743_212779773537237_4456167774559785581_n.jpg'),
(301, 65, '121034394_212779743537240_7025866275958516968_n.jpg'),
(302, 66, '194251894_767352267264338_6535240782141825831_n.jpg'),
(303, 66, '227922124_806763046656593_5060606874026454648_n.jpg'),
(304, 66, '231067865_808060756526822_5379275086034322918_n.jpg'),
(305, 66, '231399687_805692800096951_3212823712027705997_n.jpg'),
(306, 66, '231865464_809201366412761_5778132505674744752_n.jpg'),
(307, 66, '236353650_809888159677415_4551060654215584965_n.jpg'),
(308, 66, '239062040_813484045984493_6272025357845659324_n.jpg'),
(309, 67, '204595161_504365730800000_3734789183073889609_n.jpg'),
(310, 67, '216902606_513881116515128_5059065579236707143_n.jpg'),
(311, 67, '217390374_513881033181803_6791529176772198376_n.jpg'),
(312, 67, '244230267_564873808082525_4195503492797695660_n.jpg'),
(313, 67, '247007898_578025533434019_2735690540622388058_n.jpg'),
(314, 67, '248410545_578025550100684_2422186614041626171_n.jpg'),
(315, 67, '248947117_578025583434014_3112667686641743980_n.jpg'),
(316, 68, '118022486_2701993023371183_3294473750791150251_n.jpg'),
(317, 68, '83797382_2533587510211736_8772720682061529088_n.jpg'),
(318, 68, '72692183_2456613711242450_7322927765190082560_n.jpg'),
(319, 68, '11822718_1654977131406116_5712228486246768018_n.jpg'),
(320, 68, '11722123_1643131955923967_7832737094638651689_o.jpg'),
(321, 68, '11703307_1643132062590623_7946263608418493553_o.jpg'),
(322, 68, '11239687_1643132365923926_2822190013183987014_n.jpg'),
(323, 69, '241831887_111688201253084_553107741481622485_n (1).png'),
(324, 69, '241637180_109886438099927_1548573061814066212_n.jpg'),
(325, 69, '241831887_111688201253084_553107741481622485_n (1).png'),
(326, 69, '242371664_115463297542241_899060281761712578_n.jpg'),
(327, 69, '241831887_111688201253084_553107741481622485_n (1).png'),
(328, 69, '245437254_120325403722697_8075686250806940329_n.jpg'),
(329, 69, '241831887_111688201253084_553107741481622485_n (1).png'),
(330, 70, '245085083_870518570497818_7584465186391939772_n.jpg'),
(331, 70, '245167881_870514683831540_5822191412294930947_n.jpg'),
(332, 70, '245372086_870514703831538_8366494795583027312_n.jpg'),
(333, 70, '78888384_432623804287299_4235263909101043712_n.jpg'),
(334, 70, '79253267_432623654287314_3751800752218046464_n.jpg'),
(335, 70, '79720236_432623754287304_4166954636101550080_n.jpg'),
(336, 70, '85200741_490017538547925_1550384955069038592_n.jpg'),
(337, 71, '69556266_105018820883135_6973157353864560640_n.jpg'),
(338, 71, '196816539_550500479668298_8333836109960564934_n.jpg'),
(339, 71, '197072395_550500413001638_1469893205508298106_n.jpg'),
(340, 71, '240782410_606483470736665_7202349037278057605_n.jpg'),
(341, 71, '240822194_606483334070012_5403934748826787356_n.jpg'),
(342, 71, '240824216_606483380736674_5656609629056861629_n.jpg'),
(343, 71, '240967839_606483424070003_6849913476310421351_n.jpg'),
(344, 72, '57750922_2278825745470789_4358693851779563520_n.jpg'),
(345, 72, '58462931_2294378470582183_5820387027811565568_n.jpg'),
(346, 72, '58600109_2294378503915513_1276490153254191104_n.jpg'),
(347, 72, '57073698_2278825828804114_1096384135670267904_n.jpg'),
(348, 72, '57081025_2278825805470783_7236060106008297472_n.jpg'),
(349, 72, '57083509_2278825875470776_2688170896140533760_n.jpg'),
(350, 72, '57486174_2278825855470778_6229691823367913472_n.jpg'),
(351, 73, '51570607_2028283440583510_9056822868792311808_n.jpg'),
(352, 73, '52696088_2042801439131710_9151557331807371264_n.jpg'),
(353, 73, '52759652_2042801345798386_2124010646705012736_n.jpg'),
(354, 73, '69156660_2397671386978045_2943599245548060672_n.jpg'),
(355, 73, '70841944_2397671353644715_5330908691921108992_n.jpg'),
(356, 73, '70947922_2397671440311373_141912780386074624_n.jpg'),
(357, 73, '71096637_2397671306978053_6192982677759459328_n.jpg'),
(358, 74, 'inbound3337944658345177461.jpg'),
(359, 74, 'inbound6649274494031873326.jpg'),
(360, 74, 'inbound6691252119481217112.jpg'),
(361, 74, 'inbound4309632386881751798.jpg'),
(362, 74, 'inbound4140620479158396410.jpg'),
(363, 74, 'inbound7246070323346838684.jpg'),
(364, 74, 'inbound8378998848518931387.jpg'),
(365, 75, 'PhotoCollage_1628786774350.jpg'),
(366, 75, 'PhotoCollage_1633278609673.jpg'),
(367, 75, 'PhotoCollage_1623786165665.jpg'),
(368, 75, 'PhotoCollage_1621874078478.jpg'),
(369, 75, 'PhotoCollage_1618071086433.jpg'),
(370, 75, 'PhotoCollage_1607363101225.jpg'),
(371, 75, 'Screenshot_20210723_133525.jpg'),
(372, 76, '15202690_1832570323690465_3638147908906434939_n.jpg'),
(373, 76, '18275191_1922581511356012_8889333496744284422_n.jpg'),
(374, 76, '18740192_1935618536718976_6500568355208489994_n.jpg'),
(375, 76, '18740368_1935618576718972_7919376297803156629_n.jpg'),
(376, 76, '18765791_1935618523385644_4376850241462227689_n.jpg'),
(377, 76, '18813193_1935618500052313_3459597519792019652_n.jpg'),
(378, 76, '18892924_1935618453385651_3013844390833571475_n.jpg'),
(379, 77, '20638315_1876872192575111_3462903005381859241_n.jpg'),
(380, 77, '36929692_2027400880855574_95542380723175424_n.jpg'),
(381, 77, '37205022_2032920080303654_2883658767864430592_n.png'),
(382, 77, '118960637_2593824540879869_6085431475314909903_n.jpg'),
(383, 77, '119585148_2601128613482795_6267833419642915302_n.png'),
(384, 77, '120791872_2619077625021227_7113692009899352316_n.png'),
(385, 77, '123298230_2640980692830920_4510824387576331342_n.png'),
(386, 78, '223701283_104363911896820_6702020878958153594_n.jpg'),
(387, 78, '241695051_126286719704539_9077065476575029233_n.jpg'),
(388, 78, '241704103_126286609704550_4902272099459508394_n.jpg'),
(389, 78, '241736104_126286753037869_7196518717109337053_n.jpg'),
(390, 78, '241749507_126286549704556_486232365327728230_n.jpg'),
(391, 78, '241760748_126286689704542_1210529785938456625_n.jpg'),
(392, 78, '241734856_126286529704558_9059019503964029828_n.jpg'),
(393, 79, '1233977_236362776514265_1057050987_n.png'),
(394, 79, '94435778_1617011038449425_7208550582779379712_n.jpg'),
(395, 79, '96845194_1631152937035235_4146483219946012672_n.jpg'),
(396, 79, '120570242_1766684366815424_3477830273674429751_n.jpg'),
(397, 79, '120614497_1766684336815427_330859406988902904_n.jpg'),
(398, 79, '193035561_1971374703013055_460595660511257167_n.jpg'),
(399, 79, '201379433_1986095951540930_2141615219494722117_n.jpg'),
(400, 80, '40536419_910738292446784_4150752383078498304_n.jpg'),
(401, 80, '81546898_1257756534411623_5261012226642280448_n.jpg'),
(402, 80, '82099930_1257750147745595_5183891772400467968_n.jpg'),
(403, 80, '82207908_1257755781078365_7616949767301496832_n.jpg'),
(404, 80, '82465254_1257751011078842_4055847444221526016_n.jpg'),
(405, 80, '84113503_1280133175507292_5650424026468712448_n.jpg'),
(406, 80, '84874193_1280128255507784_8176932001400487936_n.jpg'),
(407, 81, '245067270_204022741817430_782358485879535706_n.jpg'),
(408, 81, '243512639_197883052431399_8111311236745494273_n.jpg'),
(409, 81, '243683197_197883119098059_7077773018142177874_n.jpg'),
(410, 81, '243730304_197882852431419_1646528243737394290_n.jpg'),
(411, 81, '243780976_197882782431426_8413705666394647468_n.jpg'),
(412, 81, '243879455_197882935764744_3448848729653191264_n.jpg'),
(413, 81, '243925807_197882729098098_2728578173135669879_n.jpg'),
(414, 82, 'FB_IMG_1635538471950.jpg'),
(415, 82, 'FB_IMG_1635538454305.jpg'),
(416, 82, 'FB_IMG_1635538439575.jpg'),
(417, 82, 'FB_IMG_1635538435456.jpg'),
(418, 82, 'FB_IMG_1635538433401.jpg'),
(419, 82, 'FB_IMG_1635538431179.jpg'),
(420, 82, 'FB_IMG_1635538428750.jpg'),
(421, 83, '56B2F6D2-FB4E-4F1D-9E92-564963F0DB0C.jpeg'),
(422, 83, '83582A32-4B1A-45A6-B6C7-206AB9EB71EC.jpeg'),
(423, 83, 'D98B6DC1-4121-41A3-8EAA-FF43ADDDC873.jpeg'),
(424, 83, 'D9F6E8A6-DC60-4B52-910A-DA1F81D081B0.jpeg'),
(425, 83, '6CAEDFB3-F6B0-4E67-AE10-E1A6CBE611DF.jpeg'),
(426, 83, '301ABFD8-89BF-4080-9389-567D9C594B5F.jpeg'),
(427, 83, '97D48D49-7BC4-4A74-B432-F478676E853C.jpeg'),
(428, 84, '176812031_109308637955508_5516639785179115556_n.jpg'),
(429, 84, '189238847_100186038950035_3073885825594742216_n.jpg'),
(430, 84, '189546065_100186165616689_6414671995686588563_n.jpg'),
(431, 84, '197281180_113805134254792_5078032464757246970_n.jpg'),
(432, 84, '199555503_113805100921462_6225939452714648925_n.jpg'),
(433, 84, '200127540_113805110921461_203799991528054360_n.jpg'),
(434, 84, '176812031_109308637955508_5516639785179115556_n.jpg'),
(435, 85, '191467381_779722759411802_5032209269619690328_n.png'),
(436, 85, '117595769_602121593838587_8670419850501036291_n.jpg'),
(437, 85, '117401643_602121517171928_2187304454565110787_n.jpg'),
(438, 85, '117149747_602121500505263_2279261395885120500_n.jpg'),
(439, 85, '116906639_602121553838591_5078223634592246705_n.jpg'),
(440, 85, '59611820_332553827462033_1393914434572779520_n.jpg'),
(441, 85, '59286012_332554130795336_8217379967579717632_n.jpg'),
(442, 86, '248744221_915421892690860_3133482275454987213_n.jpg'),
(443, 86, '245064062_901022744130775_1796818101019878649_n.jpg'),
(444, 86, '245039149_901022700797446_2307248116173874010_n.jpg'),
(445, 86, '244743815_901022657464117_2966363751239375886_n.jpg'),
(446, 86, '244523876_901022767464106_5954786738642623126_n.jpg'),
(447, 86, '244383324_901022727464110_7496379430489346483_n.jpg'),
(448, 86, '244380418_901022677464115_4771455336601794780_n.jpg'),
(449, 87, '2583B589-DCFE-4BF2-8B68-E8A1D5FD17B4.jpeg'),
(450, 87, '8CE45B65-71E9-4646-A1C5-D488FEEF5E51.jpeg'),
(451, 87, '41C16C17-6549-4127-8E5F-6E172912F1EF.jpeg'),
(452, 87, '86BD68F4-B9D0-4C70-9773-7A675D055BE5.jpeg'),
(453, 87, 'C4E0187E-4268-478E-B6EA-AC3483D452E8.jpeg'),
(454, 87, '78942DBB-B6FE-4B1F-AAAB-5BA973DFA17D.jpeg'),
(455, 87, 'C942518C-3483-498A-894D-BF9C84535411.jpeg'),
(456, 88, '118114368_117037173449371_1224824450021068004_n.jpg'),
(457, 88, '118314987_117065680113187_1929452135829699104_n.jpg'),
(458, 88, '245922292_387276986425387_3397601680076168918_n.jpg'),
(459, 88, '246371026_386763599810059_5454460668864052815_n.jpg'),
(460, 88, '253684031_398079332011819_7308189863577607812_n.jpg'),
(461, 88, '253761776_398079425345143_5850907946173130051_n.jpg'),
(462, 88, '118114368_117037173449371_1224824450021068004_n.jpg'),
(463, 89, '16402801_211371455933829_3307729413411709999_o.jpg'),
(464, 89, '18920930_248528915551416_5734904447282922777_o.jpg'),
(465, 89, '18922622_248529068884734_6645499241746358777_o.jpg'),
(466, 89, '18954791_248529082218066_8978178670132382305_o.jpg'),
(467, 89, '19388599_252952801775694_688692554558522315_o.jpg'),
(468, 89, '60138054_537209316683373_6851780542992482304_n.jpg'),
(469, 89, '19390503_252952915109016_6307614130660115153_o.jpg'),
(470, 90, '91070148_2784437775016182_5939736064364118016_n.jpg'),
(471, 90, '119739833_3329728443820443_6391385870230309584_n.jpg'),
(472, 90, '188991579_4001284349998179_116869611749464219_n.jpg'),
(473, 90, '255437440_4510082839118325_6286221002709214848_n.jpg'),
(474, 90, '88104356_2744724898987470_6459253152414695424_n.jpg'),
(475, 90, '88154309_2744725035654123_5165640905876570112_n.jpg'),
(476, 90, '90596081_2776242229169070_9027755569515069440_n.jpg'),
(477, 91, '193311909_2542270412746671_5133513893443971416_n.jpg'),
(478, 91, '253905314_2649819678658410_2892863030414730962_n.jpg'),
(479, 91, '254650342_2649820731991638_2601437816705285348_n.jpg'),
(480, 91, '254120405_2649819595325085_2488661098285568561_n.jpg'),
(481, 91, '255385567_2649821301991581_5139788751321476743_n.jpg'),
(482, 91, '255408244_2649821995324845_2362968443120178881_n.jpg'),
(483, 91, '254647750_2649820831991628_4122631997682493609_n.jpg'),
(484, 92, '167135766_234015028161478_5217556425660559663_n.jpg'),
(485, 92, '125188122_195717298676020_902886872816071001_n.jpg'),
(486, 92, '125163752_195717275342689_4167482163709917822_n.jpg'),
(487, 92, '125088876_195717258676024_6119269243119326356_n.jpg'),
(488, 92, '119388597_180643026850114_2672987949651069421_n.jpg'),
(489, 92, '118465727_175068014074282_3155217795340647593_n.jpg'),
(490, 92, '118356381_175067990740951_7606734346106290005_n.jpg'),
(491, 92, '59926818_1354022864746115_896156011620990976_n.png'),
(492, 92, '246449002_2111670142314713_7988494642298003092_n.jpg'),
(493, 92, '247526299_2111677288980665_4633628018864256508_n.jpg'),
(494, 92, '247870479_2111677292313998_2924321871694411760_n.jpg'),
(495, 92, '251847039_2121776897970704_318455901883802088_n.jpg'),
(496, 92, '253168839_2124366501045077_2181921987474859490_n.jpg'),
(497, 92, '255296751_2128111107337283_1137400717328999716_n.jpg'),
(498, 93, '246823973_2046890308809693_103683850974130529_n.jpg'),
(499, 93, '152012991_1843911882440871_3964526222151154233_n.jpg'),
(500, 93, '140226783_1823616407803752_8332529545692370112_n.jpg'),
(501, 93, '98078232_1594136604085068_7513076232355840000_n.jpg'),
(502, 93, '85141811_1511644025667660_1471175600533143552_n.jpg'),
(503, 93, '83968966_1511646769000719_9012973885515104256_n.jpg'),
(504, 93, '70222014_1361783807320350_7207616650730799104_n.jpg'),
(505, 94, '184080980_100151188926283_8532997893677618671_n.jpg'),
(506, 94, '196017488_118942120380523_1625544290669569730_n.jpg'),
(507, 94, '196444009_118942023713866_3734247094397684973_n.jpg'),
(508, 94, '197077386_118942017047200_5214845126840282062_n.jpg'),
(509, 94, '197515126_118942070380528_3275239077647260582_n.jpg'),
(510, 94, '197644971_118942103713858_7634608954431138551_n.jpg'),
(511, 94, '197923674_118942053713863_3986866004298614569_n.jpg'),
(512, 95, '241729014_1475680809455077_8550082638743430635_n.jpg'),
(513, 95, '244629005_1491147611241730_3030432534259272080_n.jpg'),
(514, 95, '241845963_1475680706121754_8303955454203683102_n.jpg'),
(515, 95, '241745570_1475680666121758_4065350595350356251_n.jpg'),
(516, 95, '241729014_1475680809455077_8550082638743430635_n.jpg'),
(517, 95, '221308870_1438533639836461_3467561155400548377_n.jpg'),
(518, 95, '245313720_1498678020488689_8134638790602460292_n.jpg'),
(519, 96, '147393409_243304524040356_3232102694401189523_n.jpg'),
(520, 96, '126046747_186990376338438_3473985908707834666_n.jpg'),
(521, 96, '222160342_352260139811460_3826459131409074734_n.jpg'),
(522, 96, '126046747_186990376338438_3473985908707834666_n.jpg'),
(523, 96, '240768889_376499820720825_6960757036961799726_n.jpg'),
(524, 96, '195683310_323542312683243_4029905010224211158_n.jpg'),
(525, 96, '241663506_385291086508365_2652332518049179490_n.jpg'),
(526, 97, '236829009_818222915547401_5829847297339536273_n.jpg'),
(527, 97, '243043382_849199369116422_3171090372364544312_n.jpg'),
(528, 97, '242447854_847391209297238_8286906921506187486_n.jpg'),
(529, 97, '239924937_828258517877174_6710997511597527729_n.jpg'),
(530, 97, '223927837_807213483315011_8981059689896344157_n.jpg'),
(531, 97, '208432742_792934648076228_6123153418357216364_n.jpg'),
(532, 97, '173988536_801743050528721_6520208917594189101_n.jpg'),
(533, 98, '10845842_1611371929082197_5082968990283840876_o.jpg'),
(534, 98, '13301538_1796752090544179_6321490743791828521_o.jpg'),
(535, 98, '18766414_1977012999184753_82677881894800030_o.jpg'),
(536, 98, '171584078_2964153967137313_5789524221724332405_n.jpg'),
(537, 98, '196913047_3006049096281133_4275318706220268089_n.jpg'),
(538, 98, '199500652_3011115805774462_6144490143889222636_n.jpg'),
(539, 98, '218659662_3035978653288177_7717089216935559578_n.jpg'),
(540, 99, '10857208_957704274293907_803437852166801509_o.jpg'),
(541, 99, '243072372_4747159898681640_7029191078198660692_n.jpg'),
(542, 99, '244558314_4778814145516215_5019576163958434376_n.jpg'),
(543, 99, '245900950_4813902252007404_7403122312768033084_n.jpg'),
(544, 99, '245942362_4814300225300940_3848381124206573714_n.jpg'),
(545, 99, '246793115_4855716541159308_8568818195021719881_n.jpg'),
(546, 99, '251544682_4879514318779530_4524508625175349892_n.jpg'),
(547, 100, '18034232_1871456593104259_387486217937477056_n.jpg'),
(548, 100, '79791893_2837760486268147_1063653100440518656_n.jpg'),
(549, 100, '80440417_2837760569601472_4627579016625258496_n.jpg'),
(550, 100, '80826517_2837760629601466_6121062075998404608_n.jpg'),
(551, 100, '122425686_3665534936824027_6309519089807022795_n.jpg'),
(552, 100, '83119922_2913455635365298_1937784360853831680_n.jpg'),
(553, 100, '80816683_2913455568698638_9132493084376956928_n.jpg'),
(554, 101, '247364198_2517267945071017_3904309804966011271_n.jpg'),
(555, 101, '55920827_1601060983358389_3315212413137059840_n.jpg'),
(556, 101, '247194061_2517272578403887_8342175538508290330_n.jpg'),
(557, 101, '64402725_1669613716503115_2867482692667047936_n.jpg'),
(558, 101, '61099817_1648157238648763_3543361608476524544_n.jpg'),
(559, 101, '118712189_2141933655937783_3982848268657004897_n.jpg'),
(560, 101, '245906032_2518730251591453_8031725930650744856_n.jpg'),
(561, 102, '244693479_1533301110368930_6872822821938768196_n.jpg'),
(562, 102, '48059179_764546900577692_8645778757509971968_n.jpg'),
(563, 102, '14344314_311868352512218_5595768891832777548_n.jpg'),
(564, 102, '14940241_336012640097789_1759453057910495945_o.jpg'),
(565, 102, '14568238_324986914533695_730908210905933705_n.jpg'),
(566, 102, '14859798_334195336946186_8880914704700931234_o.jpg'),
(567, 102, '14882351_334195696946150_3545627374486053884_o.jpg'),
(568, 103, '70482823_123245329051696_6975516978832211968_n.jpg'),
(569, 103, '97016118_266518848057676_1969708509167616000_n.jpg'),
(570, 103, '187650019_541905120519046_5242342547665195240_n.jpg'),
(571, 103, '96580603_266517464724481_5607140600190074880_n.jpg'),
(572, 103, '147409198_476211667088392_7340819933998524614_n.jpg'),
(573, 103, '75317364_143272887048940_7149628446136598528_n.jpg'),
(574, 103, '219830507_579028983473326_9179257738218308962_n.jpg'),
(575, 104, '120466395_109588917573935_5977537824046367624_n.jpg'),
(576, 104, '123929998_147893243743502_8746546502526356800_n.jpg'),
(577, 104, '160615071_234369448429214_6726887564293225057_n.jpg'),
(578, 104, '169458791_249753953557430_265866589682984793_n.jpg'),
(579, 104, '226677778_327753385757486_3291716190573766586_n.jpg'),
(580, 104, '244595358_372767227922768_7217341218850764955_n.jpg'),
(581, 104, '245074203_375468920985932_8526018056510577070_n.jpg'),
(582, 105, '163394925_108106748031140_6534842217242713710_n.jpg'),
(583, 105, '169146932_121785943329887_8747945773234197831_n.jpg'),
(584, 105, '169502584_121786096663205_1781218123619491170_n.jpg'),
(585, 105, '169538279_121786049996543_6830740583492356821_n.jpg'),
(586, 105, '169632327_121786019996546_6090773394682296676_n.jpg'),
(587, 105, '170299670_121786076663207_8620040043451641304_n.jpg'),
(588, 105, '170840431_121785973329884_6699389555506413016_n.jpg'),
(589, 106, '166443633_102001751996800_3223010418918439775_n.jpg'),
(590, 106, '171458247_112494590947516_6385048422951881906_n.jpg'),
(591, 106, '171999675_112494810947494_1645093656440498427_n.jpg'),
(592, 106, '172634568_112494860947489_1522192682269711738_n.jpg'),
(593, 106, '243331348_220111993519108_652061176522440664_n.jpg'),
(594, 106, '245520782_220112066852434_4342718205906828979_n.jpg'),
(595, 106, '245527011_220111896852451_2872608377654357999_n.jpg'),
(596, 107, '251201213_117387850730793_783588386930535215_n.jpg'),
(597, 107, '252020486_118139283988983_2359640257656858778_n.jpg'),
(598, 107, '257766392_121402643662647_3734528688220354736_n.jpg'),
(599, 107, '258077242_121697063633205_5512162601910018780_n.jpg'),
(600, 107, '252348540_119369087199336_7432117915981330268_n.jpg'),
(601, 107, '252394617_117387887397456_1111197276949605523_n.jpg'),
(602, 107, '258607332_121997943603117_7399122066068673069_n.jpg'),
(603, 108, '18739181_226270807876654_2712794046326688607_o.jpg'),
(604, 108, '18766820_228373174333084_8443226268817594657_o.jpg'),
(605, 108, '18700542_227910687712666_464299736497931531_o.jpg'),
(606, 108, '18699697_226250651212003_3395906518558439497_o.jpg'),
(607, 108, '19025125_235287093641692_2705679538909189147_o.jpg'),
(608, 108, '18953214_232229277280807_7309070001321627167_o.jpg'),
(609, 108, '18814879_227981127705622_2944765889853719459_o.jpg'),
(610, 109, '236676343_4505781579472760_530772406133869880_n.jpg'),
(611, 109, '237465705_4505784282805823_282105001025974350_n.jpg'),
(612, 109, '43879837_2071896822861260_372223989247901696_n.jpg'),
(613, 109, '255649074_4788390217878560_5812578302664825033_n.jpg'),
(614, 109, '331461_441656162552009_1669248966_o.jpg'),
(615, 109, '52629678_2277778025606471_706989081921323008_n.jpg'),
(616, 109, '254276684_4788390131211902_244101447679409292_n.jpg'),
(617, 110, '31092007_373091576523357_4008080217851814272_n (1).jpg'),
(618, 110, '83194486_797033690795808_2061796499234226176_n.jpg'),
(619, 110, '83645085_801419827023861_6323698740397867008_n.jpg'),
(620, 110, '83875000_801418297024014_4555586577241210880_n.jpg'),
(621, 110, '84093621_801432153689295_4372899078153961472_n.jpg'),
(622, 110, '84330205_801418930357284_6414017938377932800_n.jpg'),
(623, 110, '84352756_801419113690599_4861411501669351424_n.jpg'),
(624, 111, '257617513_1663846420484649_4555566264494833204_n.jpg'),
(625, 111, '187561784_1540684339467525_3271589941369262342_n.jpg'),
(626, 111, '257621614_1663846823817942_5757487302754496838_n.jpg'),
(627, 111, '260324919_1670161556519802_3066363631354996022_n.jpg'),
(628, 111, '260489646_1670161413186483_2320147352970968210_n.jpg'),
(629, 111, '260508431_1670161523186472_4929577485526882381_n.jpg'),
(630, 111, '260833833_1670161599853131_2288997373561856125_n.jpg'),
(631, 112, '74607604_146179120105943_1270976119620763648_n.png'),
(632, 112, '73446277_146180716772450_1904083509123743744_n.jpg'),
(633, 112, '73056257_146180063439182_6024192365697171456_n.jpg'),
(634, 112, '71900419_124769125580276_8793085668927471616_n.jpg'),
(635, 112, '71519548_120830815974107_8521830171760656384_n.jpg'),
(636, 112, '70966266_120839372639918_7296163393017217024_n.jpg'),
(637, 112, '70923589_120839265973262_3446412432690380800_n.jpg'),
(638, 113, '29871794_1652881891466789_7378485366364940234_o.jpg'),
(639, 113, '245962738_4460443024043981_1148992709457775857_n.jpg'),
(640, 113, '247397543_4460442794044004_6707319572236933299_n.jpg'),
(641, 113, '248561282_4460443277377289_5338473271127007935_n.jpg'),
(642, 113, '248806243_4460443590710591_3415833116261295086_n.jpg'),
(643, 113, '250375522_4460443150710635_3870342449338994232_n.jpg'),
(644, 113, '250622745_4460443414043942_3939835380825793569_n.jpg'),
(645, 114, '37085254_2134397580150144_4633222534932725760_n.jpg'),
(646, 114, '38200027_2156408414615727_441791807924207616_n.jpg'),
(647, 114, '69535640_2417143198542246_2907216818101813248_n.jpg'),
(648, 114, '81080737_2524474687809096_8234619820276973568_n.jpg'),
(649, 114, '84726200_2559424790980752_2165652858605666304_n.jpg'),
(650, 114, '92770902_2612263295696901_537415969119666176_n.jpg'),
(651, 114, '166297651_2897562293833665_7032047290394497812_n.jpg'),
(652, 115, '250512164_100611809107248_1069310567738386025_n.jpg'),
(653, 115, '248344690_100596692442093_9127438717844410193_n.jpg'),
(654, 115, '250734474_100596552442107_3384219546398373553_n.jpg'),
(655, 115, '251362674_102245342277228_1644998247962971819_n.jpg'),
(656, 115, '251371567_102245375610558_2325083058193290388_n.jpg'),
(657, 115, '251513803_100596579108771_7574188482419055638_n.jpg'),
(658, 115, '251904455_100596622442100_5848970677304326479_n.jpg'),
(659, 116, '66905899_650023565518834_8140563030086778880_n.png'),
(660, 116, '100351533_881742862346902_5901208927818743808_n.jpg'),
(661, 116, '100651773_884401425414379_2788111177345925120_n.jpg'),
(662, 116, '101202450_884401782081010_3377644766421319680_n.jpg'),
(663, 116, '101418073_886445865209935_1837810888141176832_n.jpg'),
(664, 116, '103028586_890069674847554_1748235940296155589_n.jpg'),
(665, 116, '104474778_900670740454114_411092747482586465_n.jpg'),
(666, 117, '247700868_114004574402993_7884463884256492834_n.jpg'),
(667, 117, '247623052_112765997860184_5249846207105639928_n.jpg'),
(668, 117, '247221574_110006368136147_4600298510973777015_n.jpg'),
(669, 117, '246905798_109996311470486_7625507574543028067_n.jpg'),
(670, 117, '247840746_112765951193522_8604947208149486684_n.jpg'),
(671, 117, '248361703_112746891195428_9150533200734351398_n.jpg'),
(672, 117, '248795276_112765637860220_1079744949130501740_n.jpg'),
(673, 118, '110163349_184210893073477_7219031159505002303_n.jpg'),
(674, 118, '256525717_546643693496860_5626161829590531313_n.jpg'),
(675, 118, '257436835_548099753351254_5853734334359611223_n.jpg'),
(676, 118, '257460638_546015516893011_4034628830387956787_n.jpg'),
(677, 118, '257931785_548099763351253_1013876715181879702_n.jpg'),
(678, 118, '258183167_547248260103070_6966822109209909895_n.jpg'),
(679, 118, '259273507_550715999756296_383999286520179182_n.jpg'),
(680, 119, '88013841_137008181142553_8012537395092127744_n.png'),
(681, 119, '247862331_432458651597503_7956315795376961499_n.jpg'),
(682, 119, '251590984_427512155425486_3781903452643692741_n.jpg'),
(683, 119, '258216263_434902071353161_7777039663247374195_n.jpg'),
(684, 119, '258627214_436076977902337_61073573182924123_n.jpg'),
(685, 119, '258727254_436747931168575_1450048104059656018_n.png'),
(686, 119, '259823130_438536564323045_8026454558600492107_n.jpg'),
(687, 119, '1599189_771672439548650_9090856653922337434_o.jpg'),
(688, 119, '1052591_979093302139895_1608159967478262570_o.jpg'),
(689, 119, '12794822_979090132140212_6938971759302825796_o.jpg'),
(690, 119, '12819468_979091772140048_7737474256159835494_o.jpg'),
(691, 119, '240654312_4293818077334051_5848649505094673753_n.jpg'),
(692, 119, '240659696_4293818330667359_8499826799452405455_n.jpg'),
(693, 119, '240731221_4293818200667372_4026757676011565818_n.jpg'),
(694, 120, '82264153_2757429251145903_3464333445725945856_n.png'),
(695, 120, '85044240_2779386615616833_4736615914009526272_n.jpg'),
(696, 120, '85116694_2778471852374976_6091921014952820736_n.jpg'),
(697, 120, '81935516_2757493484472813_3745328885043036160_n.jpg'),
(698, 120, '82091141_2757489891139839_5419401498008223744_n.jpg'),
(699, 120, '82142295_2757489887806506_8726208995154460672_n.jpg'),
(700, 120, '82180871_2757493017806193_9139233902404042752_n.jpg'),
(701, 121, '12669435_1033789529975699_8459349136227415828_n.jpg'),
(702, 121, '1779148_1050518598302792_26070181557330527_n.jpg'),
(703, 121, '18664622_1425721607449154_6660725608522202791_n.jpg'),
(704, 121, '18698474_1425721574115824_3308488954417692129_n.jpg'),
(705, 121, '70686073_2490899227598048_2624324519363346432_n.jpg'),
(706, 121, '80896014_2691534987534470_8014776919889281024_n.jpg'),
(707, 121, '1779148_1050518598302792_26070181557330527_n.jpg'),
(708, 122, '121271827_103811651503729_8929248539460758430_n.jpg'),
(709, 122, '255003907_365393525345539_3499623896108289039_n.jpg'),
(710, 122, '255398575_365393592012199_526802981723810365_n.jpg'),
(711, 122, '257221781_365393572012201_1127854846411384954_n.jpg'),
(712, 122, '257617537_369552448262980_1139859434821148084_n.jpg'),
(713, 122, '258778480_369552458262979_1940221381544287457_n.jpg'),
(714, 122, '259089007_369552441596314_9079509080387419929_n.jpg'),
(715, 123, '74403999_688290331668618_5801463775567544320_n.png'),
(716, 123, '52666722_543503129480673_321846264838750208_n.jpg'),
(717, 123, '52744524_543503182814001_7738921959425048576_n.jpg'),
(718, 123, '52927554_543503159480670_5063108397159677952_n.jpg'),
(719, 123, '70668819_663773947453590_7569823736862343168_n.jpg'),
(720, 123, '70947296_663773930786925_7799273456888971264_n.jpg'),
(721, 123, '82122452_751657418665242_4691355875061792768_n.jpg'),
(722, 124, '209447391_108081284864691_6303734829527724927_n.jpg'),
(723, 124, '204833310_107938331545653_3460458246510560918_n.jpg'),
(724, 124, '208325468_108081274864692_3595324776383419088_n.jpg'),
(725, 124, '204833310_107938331545653_3460458246510560918_n.jpg'),
(726, 124, '208619745_107938524878967_6323155212027801957_n.jpg'),
(727, 124, '204833310_107938331545653_3460458246510560918_n.jpg'),
(728, 124, '208822914_108081314864688_4019509740304263836_n.jpg'),
(729, 125, '66275569_388441678457147_3969778219460067328_n.jpg'),
(730, 125, '247094180_895321387769171_8632294565222712838_n.jpg'),
(731, 125, '248540790_895321581102485_3799579005567342717_n.jpg'),
(732, 125, '248693450_895321497769160_9208102744617765348_n.jpg'),
(733, 125, '249385272_895321431102500_6716238610019326838_n.jpg'),
(734, 125, '250225738_895321534435823_5580144502790850506_n.jpg'),
(735, 125, '250556223_895321357769174_2456626413121419448_n.jpg'),
(736, 126, '66431788_2346079045480712_6164387373913210880_n.jpg'),
(737, 126, '260469389_4615194745235786_1795366532575902007_n.jpg'),
(738, 126, '260570667_4615194761902451_1275959620450884225_n.jpg'),
(739, 126, '260951626_4615194751902452_4582492817981819994_n.jpg'),
(740, 126, '260995012_4615194748569119_3143095369634542675_n.jpg'),
(741, 126, '261024664_4615194755235785_5145603318384805793_n.jpg'),
(742, 126, '261125208_4615194758569118_1073997942605596897_n.jpg'),
(743, 127, 'IMG-20211225-WA0010.jpg'),
(744, 127, 'Screenshot_20220711-213150~2.png'),
(745, 127, 'Screenshot_20220711-213104~2.png'),
(746, 127, 'Screenshot_20220711-213109~2.png'),
(747, 127, 'Screenshot_20220711-213127~2.png'),
(748, 127, 'Screenshot_20220711-213114~2.png'),
(749, 127, '20220225_172211_0000~2.png'),
(750, 127, ''),
(751, 127, ''),
(752, 127, ''),
(753, 127, ''),
(754, 127, ''),
(755, 127, ''),
(756, 127, ''),
(757, 127, ''),
(758, 127, ''),
(759, 127, ''),
(760, 127, ''),
(761, 127, ''),
(762, 127, ''),
(763, 127, ''),
(764, 127, ''),
(765, 127, ''),
(766, 127, ''),
(767, 127, ''),
(768, 127, ''),
(769, 127, ''),
(770, 127, ''),
(771, 127, ''),
(772, 127, ''),
(773, 127, ''),
(774, 127, ''),
(775, 127, ''),
(776, 127, ''),
(777, 127, ''),
(778, 127, ''),
(779, 127, ''),
(780, 127, ''),
(781, 127, ''),
(782, 127, ''),
(783, 127, ''),
(784, 127, ''),
(785, 127, ''),
(786, 127, ''),
(787, 127, ''),
(788, 127, ''),
(789, 127, ''),
(790, 127, ''),
(791, 127, '');

-- --------------------------------------------------------

--
-- Table structure for table `tblimagenservicio`
--

CREATE TABLE `tblimagenservicio` (
  `IdImagenServicio` int(11) NOT NULL,
  `IdServicio` int(11) NOT NULL,
  `Ruta` varchar(255) NOT NULL
) ENGINE=InnoDB DEFAULT CHARSET=utf8mb4;

--
-- Dumping data for table `tblimagenservicio`
--

INSERT INTO `tblimagenservicio` (`IdImagenServicio`, `IdServicio`, `Ruta`) VALUES
(1, 1, 'musica.png'),
(2, 2, 'comida.png'),
(3, 3, 'dulce.png'),
(4, 4, 'salones.png'),
(5, 5, 'bebidas.png'),
(6, 6, 'decoracion.png'),
(7, 7, 'meseros.png'),
(8, 8, 'fotos.png'),
(9, 9, 'entretenimiento.png');

-- --------------------------------------------------------

--
-- Table structure for table `tblnegocios`
--

CREATE TABLE `tblnegocios` (
  `IdNegocio` int(11) NOT NULL,
  `IdCategoria` int(11) NOT NULL,
  `IdServicio` int(11) NOT NULL,
  `IdEstatus` int(11) NOT NULL,
  `Nombre` varchar(255) NOT NULL,
  `Descripcion` varchar(255) NOT NULL,
  `Direccion` varchar(255) NOT NULL,
  `Telefono` bigint(20) NOT NULL,
  `Whatsapp` bigint(20) NOT NULL,
  `Facebook` varchar(255) NOT NULL,
  `Instagram` varchar(255) NOT NULL,
  `Correo` varchar(255) NOT NULL,
  `fecha` date DEFAULT NULL,
  `IdEstado` int(11) NOT NULL,
  `IdMunicipio` int(11) NOT NULL
) ENGINE=InnoDB DEFAULT CHARSET=utf8mb4;

--
-- Dumping data for table `tblnegocios`
--

INSERT INTO `tblnegocios` (`IdNegocio`, `IdCategoria`, `IdServicio`, `IdEstatus`, `Nombre`, `Descripcion`, `Direccion`, `Telefono`, `Whatsapp`, `Facebook`, `Instagram`, `Correo`, `fecha`, `IdEstado`, `IdMunicipio`) VALUES
(23, 1, 1, 1, 'LIMA DEEJAY', 'Luz y sonido con los mejores djs de Toluca, Llevamos mas de 10 años de experiencia llevando el mejor ambiente a las fiestas. Contamos con paquetes muy accesibles y nos ajustamos a cualquier presupuesto ¿Qué esperas? Contactanos.', 'Toluca, Estado de México', 7225490020, 7225490020, 'https://www.facebook.com/LimaDeejayToluca', 'https://www.instagram.com/lima.deejay/?hl=es', 'gmalexlima@outlook.com', '2021-09-23', 15, 657),
(25, 11, 2, 1, 'Tosticentro Ronny', 'Te esperamos de Lunes a Viernes de 11am a 8pm Sábados de 11am a 6pm y Domingos de 11am a 4pm con las mejores promociones ven y prueba nuestras ricas botanas.', 'Toluca Mexico', 7226276756, 7226276756, 'https://www.facebook.com/GAZPACHOSRONNY/', 'https://www.instagram.com/tosticentro14/?hl=es', 'alchemix11@hotmail.com', '2021-09-24', 15, 657),
(26, 11, 2, 1, 'Mr. Burger', 'Llevamos a ti los mejores snacks. Hamburguesas, hot dogs, nachos, papas fritas, sushi y más. Siguiendo el legado del chef Juan Carlos Lima.', 'Didi food Zinacantepec', 7223690109, 7223690109, 'https://www.facebook.com/Mrburger', 'https://www.instagram.com/mrburger33/?hl=es', 'gmalexlima@outlook.com', '2021-09-24', 15, 657),
(27, 24, 5, 1, 'CÓCTELES RONNY ', 'CÓCTELES RONNY son tu mejor opción para consentir a tus invitados a través de sus barrasmoviles de cócteles para todo tipo de eventos!!! ', 'TOLUCA MEXICO ', 7226276756, 7226276756, 'https://www.facebook.com/Coctel-Ronny-1466955616962530/', ' https://www.instagram.com/ronnye12?r=nametag', 'alchemix11@hotmail.com', '2021-09-24', 15, 657),
(28, 17, 4, 1, 'Eventos petits', 'Salón de fiestas familiares ( 60 personas ) Desde $1200', 'Colonia 8 Cedros calle Lanceros de Toluca No 125', 7223401704, 7223401704, 'NA', 'NA', 'grupsan-2000@hotmail.com', '2021-09-25', 15, 657),
(30, 37, 8, 1, 'Fotografía y Video 7', 'Fotografía y Video profesional para eventos.', 'Colonia 8 Cedros calle Lanceros de Toluca No 125', 7222394475, 7222394475, 'NA', 'NA', 'grupsan-2000@hotmail.com', '2021-09-25', 15, 657),
(31, 20, 4, 1, 'Salón Jardín La Cabaña de Ana', 'Salón Jardín La Cabaña de Ana para todo tipo de eventos sociales desde $3000', 'Calzada al Pacífico , Cacalomacan', 7223900498, 7223900498, 'NA', 'NA', 'grupsan-2000@hotmail.com', '2021-09-25', 15, 657),
(32, 41, 9, 1, 'Jardín de Eva y party jump', 'Todo para tus fiestas y reuniones, sillas, mesas y juegos inflables', 'Quim. Servando Mier, s/n Toluca', 7228612504, 7228612504, 'https://www.facebook.com/miguel.vazquez.7524', 'NA', 'carolnesmith@hotmail.com', '2021-09-26', 15, 657),
(33, 30, 4, 1, 'Erick Ortega wedding & evento planner y renta de mobiliario', 'Renta de mobiliario así como organización y logística de eventos', 'Reolin Barejon 29', 7222341682, 7222341682, 'https://www.facebook.com/Erick-Ortega-Wedding-Event-Planner-Mobiliario-para-Eventos-732604737157335/', 'NA', 'Erick Ortega wedding & evento planner y renta de mobiliario', '2021-09-26', 15, 701),
(34, 1, 1, 1, 'Producciones HUUM!', 'Nosotros somos Producciones HUUM! Una empresa encargada de hacer tus eventos sociales inovidables, los mejores de la zona y con alta experiencia en eventos. Para cualquier tipo de evento. Contáctanos, y pregunta por nuestras promociones', 'Hidalgo Ote #132 Santiaguito Cuaxustenco, Tenango del Valle', 7223929184, 7223929184, 'https://m.facebook.com/ProduccionesHuum/', 'https://instagram.com/producciones.huum?utm_medium=copy_link', 'eventos produccioneshuum@gmail.com', '2021-09-30', 15, 706),
(35, 1, 1, 1, 'DRAUGS music', 'MÚSICA Y ANIMACIÓN para cualquier tipo de evento', 'Toluca Calle independencia s/n ', 5562267648, 5562267648, 'https://www.facebook.com/draugs.draugs.58', 'NA', 'César jh.chj@gmail.com', '2021-10-11', 15, 657),
(36, 17, 4, 1, 'Pequetropoli', 'Salón Eventos Infantiles Pequetropoli', 'Marcelino Juárez 206', 7222028493, 7222028493, 'NA', 'NA', 'Pequetropoli@gmail.com', '2021-10-12', 15, 657),
(37, 34, 8, 1, 'Foto leal ', 'Fotografía de retrato , artístico etc ', 'Republica de Honduras 210', 7222217446, 7222217446, 'NA', 'https://www.instagram.com/__pxleal/', 'lesliemon6@gmail.com', '2021-10-15', 15, 657),
(38, 41, 9, 1, 'Inflables Ferny', 'Renta de inflables con descuento entre semana Metepec , toluca , San Mateo Atenco', 'Calzada del panteon 416', 7223803692, 7223803692, 'https://www.facebook.com/profile.php?id=100009087743325', 'NA', 'fernyinflables@gmail.com', '2021-10-19', 15, 657),
(39, 51, 6, 1, 'Letras Gigantes Metepec', '¡TE OFRECEMOS EL MEJOR SERVICIO DE RENTA! Contamos con los mejores precios. Intalación y recolección sin costo adicional. Todo el tiempo que dure tu evento. ', 'Andador Ignacio Zaragoza 52172 Metepec, Estado de México, México', 7293784945, 7293784945, 'https://www.facebook.com/letrasgigantesmetepec-106956838367784/', 'https://www.instagram.com/letrasgigantes.metepec/', 'letrasgigantes5@gmail.com', '2021-10-19', 15, 701),
(40, 20, 4, 1, 'Salon y Jardin Kasino', 'Salón y Jardín de fiestas para todo tipo de eventos sociales paquetes todo incluido', 'Calzada al pacifico 301 50260 Toluca de Lerdo, Estado de México, México', 7222099718, 7222099718, 'https://www.facebook.com/jardinkasino/', 'NA', 'gkasino@hotmail.com', '2021-10-19', 15, 657),
(41, 13, 3, 1, 'Mesas De Postres Zoe Start', 'Postres, dulces, organizamos mesas de postres, dulces, frutas, quesos y carnes frías, mixtas, box lunch, backdrop, Cabina de fotos, coffee break.', 'Toluca Mexico', 7225738853, 7225738853, 'https://www.facebook.com/Mesas-De-Postres-Zoe-Start-472501373213304/', 'https://www.facebook.com/Mesas-De-Postres-Zoe-Start-472501373213304/', 'postresyfotoszoe@gmail.com', '2021-10-19', 15, 657),
(42, 25, 5, 1, 'Easy Bar', 'Empresa dedicada a servicios de barra de bebidas preparadas para tus fiestas y reuniones', 'Toluca Estado de México', 5536702405, 5536702405, 'https://www.facebook.com/Easy-Bar-2241279499526287/', 'NA', 'bartender.easybar54@gmail.com', '2021-10-19', 15, 657),
(43, 52, 6, 1, 'La Fiore', 'Producción, diseño y coordinacion de eventos, ambientacion y decoracion, renta de mobiliario, accesorios y equipo para decoracion.', 'Toluca y Metepec', 7226207246, 7226207246, 'https://www.facebook.com/lafioreeventos.mex', 'https://www.instagram.com/la_fiore_eventos/', 'lafioreeventos01@gmail.com', '2021-10-19', 15, 657),
(44, 1, 1, 1, 'Soundfeel', 'Dj, Audio, Iluminacion y Video con mas de 15 años de Experiencia Pofesional en el Ramo de Eventos Sociales, Coorporativos y Sociales contando con Servicios como Pistas Iluminadas, Pantallas Led, Pantallas Giantes, Animadores, Edecanes, Grupos de Salsa y C', 'Monte Alban # 332 Toluca Mex', 7221729520, 7228067764, 'https://www.facebook.com/eventosoundfeel/', 'https://instagram.com/eventossoundfeel?utm_medium=copy_link', 'emanuel.c.v09@gmail.com', '2021-10-19', 15, 657),
(45, 1, 1, 1, 'Le Mirage', 'Luz y sonido, pantallas LED & pista iluminada', 'Adolfo López Mateos 522 Col. los Angeles ', 7291322249, 7291322249, 'https://www.facebook.com/jose.martinezquiroz.3', 'NA', 'martimixpepin@hotmail.com', '2021-10-19', 15, 657),
(46, 49, 11, 1, 'Dani Lash ', 'Extensión de pestañas ', 'Julio Pardiñas #117', 7222949132, 7222949132, 'https://www.facebook.com/daniela.pillado.961', 'https://instagram.com/lizrodriguez4588?utm_medium=copy_link', 'Daniela.pillado@hotmail.com', '2021-10-19', 15, 657),
(47, 38, 9, 1, 'Show de payasos', 'Buscas show para tu fiesta infantil, baby Shower, despedida de solter@ o cumpleaños de adulto, pregunta por nuestros diferentes paquetes... Aún contamos con mini show en la puerta de tu casa con la entrega de un pastelito, contamos con inflable', 'Contrataciones a domicilio ', 7221942293, 7221942293, 'https://www.facebook.com/josselyn.diaz.96', 'https://instagram.com/payasitacubitajr?utm_medium=copy_link', 'josselynd94@gmail.com', '2021-10-19', 15, 657),
(48, 20, 4, 1, 'Las vigas', 'Salon con jardin familiar', 'Libertad 217 Oriente, Capultitlan 50260 Toluca de Lerdo, Estado de México, México', 7223370342, 7223370342, 'https://www.facebook.com/salondefiestaslasvigastoluca/', 'NA', 'rodriguezenrique14@gmail.com', '2021-10-19', 15, 657),
(49, 53, 1, 1, 'Conec-t', 'Somos organizadores de eventos para tus fiestas, graduaciones, cumpleaños, bodas, XV años. Paquetes de audio con dj en vivo y totalmente versátil', 'Toluca Metepec y Alrededores', 7224869974, 7224869974, 'https://www.facebook.com/ConecTluzysonido/', 'NA', 'conect.luzysonido@gmail.com', '2021-10-19', 15, 657),
(50, 10, 2, 1, 'La casita de la Barbacoa', 'Venta de Barbacoa y demás antojitos Hidalguenses ', 'Camaxtli 129-2 Santa Isabel Tola ', 528714197337, 528714197337, 'https://www.facebook.com/deHidalgoatumesa/', 'https://instagram.com/lacasitadelabarbacoa?utm_medium=copy_link', 'oscaraudioconcepto@hotmail.com', '2021-10-19', 9, 272),
(51, 17, 4, 1, 'Finca San Benito', 'Los mejores eventos ♡ Sólo en Finca San Benito ....... TU MEJOR OPCION', 'corredores S/N col. cacalomacan entre calzada del pacifico y camino a San Miguel. 50265 Toluca de Lerdo, Estado de México', 7223141629, 7223141629, 'https://www.facebook.com/Salon-De-Fiestas-Finca-San-Benito-1486091681428203/', 'https://www.instagram.com/fincasanbenito/', 'fincasanbenito1@outlook.com', '2021-10-19', 15, 657),
(52, 17, 4, 1, 'Salon Laurel', 'Un pequeño espacio para tu gran evento', 'Sierra de ixtlan #1626 50180 Toluca de Lerdo, Estado de México, México', 7229040262, 7229040262, 'https://www.facebook.com/Laurel-Salon-1419134048192892/', 'NA', 'salonlau1782@gmail.com', '2021-10-19', 15, 657),
(53, 49, 11, 1, 'You salón & barberia ', 'Somos un salón de belleza especializados en mejorar tu imagen, corte, color, peinados y maquillaje harán resaltar tu belleza. Paquetes especiales para novias y quinceañerasimado', 'Mariano Matamoros #249, barrio San Mateo, Metepec ', 7229308302, 7223734251, 'https://www.facebook.com/Yousalonybarberia/', 'https://instagram.com/yousalonybarberia?utm_medium=copy_link', 'Yousalonybarberia@gmail.com ', '2021-10-20', 15, 701),
(54, 20, 4, 1, 'Salón Manuelita', 'Salón de Eventos Sociales y Empresariales contamos con todos los Servicios como banquetes, Dj, inflables, Decoración de Globos etc', 'Independecia #10 Capultitlan; Toluc, Mex', 7226105111, 7226105111, 'https://www.facebook.com/Salon.Manuelita1', 'NA', 'Manuelitasalon1@gmail.com', '2021-10-21', 15, 657),
(55, 37, 8, 1, 'Filmadrone', '¿Quieres un recuerdo agradable y diferente de tu evento? Filmadrone tiene la solución para ti.', 'Calpulli norte, Toluca, Mexico', 7227569895, 7227569895, 'https://www.facebook.com/FilmadroneMx', 'https://www.instagram.com/filmadronemx/', 'filmadronemx@gmail.com', '2021-10-21', 15, 657),
(56, 37, 8, 1, 'Raw Life Project', 'Creación de contenido audiovisual Documentando la vida en RAW', 'Estado de México', 5522608408, 5573682790, 'https://www.facebook.com/Rawlifeproductions/?ref=page_internal', 'https://www.instagram.com/rawlifeproductions/', 'rawlifepro@gmail.com', '2021-10-21', 15, 657),
(57, 35, 8, 1, 'Retouch', 'Productora Visual de Eventos Sociales y Empresariales Por medio de fotografía y video nos enfocamos en producir: eventos sociales, cobertura de eventos, sesiones, catálogos, spots, comerciales.', 'Toluca y alrededores', 7293788855, 7293788855, 'https://www.facebook.com/Retouch-1131351893681740', 'https://www.instagram.com/retouch_visual/', 'retouch.visual@gmail.com', '2021-10-21', 15, 657),
(58, 37, 8, 1, 'Fotografia y Video Cristian', 'Fotografía y Video \"Cristian\" para todo tipo de eventos.', 'Sierra de Ixtlan #1412 esquina Heriberto Enríquez 50190 Estado de México, México', 7222709765, 7222709765, 'https://www.facebook.com/Fotograf%C3%ADa-y-Video-Cristian-638937386443589', 'NA', 'fotostudiocristian@hotmail.com', '2021-10-21', 15, 657),
(59, 1, 1, 1, 'Dj Show', 'Dj para todas tus reuniones', 'Sin direccion', 7223525393, 7224480488, 'https://www.facebook.com/Dj-Show-Toluca-515712648872467', 'NA', 'djshow.tluca@gmail.com', '2021-10-21', 15, 657),
(60, 53, 1, 1, 'Conecta Audio', 'AUDIO,VÍDEO E ILUMINACIÓN PROFESIONAL', 'Estado de México', 7221899332, 7221899332, 'https://www.facebook.com/ConectaAudioIluminacion', 'NA', 'eomero_69@yahoo.com.mx', '2021-10-21', 15, 657),
(61, 51, 6, 1, 'Letras Iluminadas Toluca', 'La Elegancia y distinción de tu evento armonizaran con las letras gigantes con luces y secuencia de colores que darán un toque diferente a ese gran día', ' Andador Xolotl 101, Centro 50050 Toluca de Lerdo, Estado de México, México', 7225956517, 7225956517, 'https://www.facebook.com/letrasiluminadastoluca', 'https://www.instagram.com/letrasiluminadastoluca/', 'letras.ilumi.nadastol@gmail.com', '2021-10-21', 15, 657),
(62, 54, 9, 1, 'Happiness Rockolas', 'Rockolas para renta y venta ', 'Toluca de Lerdo Estado de México', 7224763915, 7224763915, 'https://www.facebook.com/happinessentretenimiento', 'https://www.instagram.com/happiness.servicios/', 'nan.benavides@gmail.com', '2021-10-22', 15, 657),
(63, 55, 11, 1, 'Pintacaritas Dzaid', 'Servicio Maquillaje de Fantasía! Producto hipoalergénico. Mariposas,princesas, súper héroes y muchos diseños más!! Tatuajes con/sin Glitter', 'Toluca Estado de México', 7225934510, 7225934510, 'https://www.facebook.com/Pintacaritas-Dzaid-Maquillaje-de-Fantas%C3%ADa-1511594462503246', 'NA', 'tannia_herrera@hotmail.com', '2021-10-22', 15, 657),
(64, 56, 9, 1, 'Party Kids', 'Servicios de nińeras guardería móvil juegos didácticos para los más peques inflables decoración con globos', 'Toluca de Lerdo', 7227556329, 7227556329, 'https://www.facebook.com/Party-kids-124419838308806', 'NA', 'aldomendiola31@gmail.com', '2021-10-22', 15, 657),
(65, 20, 4, 1, 'Salon de Fiestas Fantasía', 'Amplias instalaciones para que los pequeños pasen un rato divertido en los jardines y disfruten los juegos infantiles; puedes celebrar cumpleaños, presentaciones, bautizos, primeras comuniones. baby shower, despedidas de soltera o cualquier evento.', 'Francisco Murguía 505, Col. Francisco Murguía 50130 Toluca de Lerdo, Estado de México, México', 7222993972, 7222993972, 'https://www.facebook.com/Sal%C3%B3n-de-Fiestas-Fantas%C3%ADa-103120914503124', 'https://www.instagram.com/explore/locations/103120914503124/salon-de-fiestas-fantasia/', 'salonfantasi@yahoo.com', '2021-10-22', 15, 657),
(66, 48, 11, 1, 'Beauty by Feli', 'Estamos a tu servicio, brindandote la mejor atencion y profeccionalismo', 'Antonio albarran #404 col..Lazaro Cardenas 50180 Toluca de Lerdo, Estado de México, México', 7293507711, 7293507711, 'https://www.facebook.com/fvbarber', 'NA', 'vfloresfeipe@hotmail.com', '2021-10-24', 15, 657),
(67, 27, 7, 1, 'Meseros Gomez', 'Meseros preparados para tus fiestas', 'Sin direccion', 7221460788, 7221460788, 'https://www.facebook.com/groups/1717899394925537/user/100036797314993/', 'NA', 'mesegomez21@gmail.com', '2021-10-24', 15, 657),
(68, 53, 1, 1, 'Concept', 'Audio e Ilumninacion y mas para todos tus eventos', 'Torre Zero en Benito Juarez No. 1001-407. Col. San Francisco Coaxusco 52154 Metepec, Estado de México, México', 7224199551, 7224199551, 'https://www.facebook.com/By-Concept-Eventos-1431249183778913', 'NA', 'contactobyconcept@gmail.com', '2021-10-24', 15, 701),
(69, 27, 7, 1, 'Meseros Medina', 'Contamos con personal capacitado, responsable y comprometido en dar una buena atención a tus invitados.', '54435, Villa Nicolás Romero, EDOMEX, México 54435 Progreso Industrial, State of Mexico, Mexico', 5583662622, 5583662622, 'https://www.facebook.com/Meseros-Medina-108289114926326', 'NA', 'medinameseros@gmail.com', '2021-10-24', 15, 657),
(70, 27, 7, 1, 'Meseros Elegant', 'Servicio de Meseros Elegant ofrece excelencia y calidad para todo tipo de eventos sociales (bodas, xv, bautizó, presentación, cumpleaños, etc.)', 'Av. Nicolas Bravo #67 50940 San Francisco Tlalcilalcalpan, State of Mexico, Mexico', 7226747017, 7226747017, 'https://www.facebook.com/William.Jhovany.Cruz.Aguilar', 'NA', 'williamjhanycrimi@gmail.com', '2021-10-24', 15, 657),
(71, 20, 4, 1, 'Salon Jardin Villa Marey', 'Salon jardin con capacidad para 200 personas', 'San Miguel Zinacantepec', 7226652559, 7226652559, 'https://www.facebook.com/Sal%C3%B3n-jard%C3%ADn-Villa-marey-105015264216824', 'NA', 'angel_marey1@gmail.com', '2021-10-25', 15, 682),
(72, 17, 4, 1, 'Izta Salon', 'Izta Salón \"Eventos familiares y Empresariales\"', 'Iztaccihuatl Fracc. Xinantecatl 52169 Estado de México, México', 7224986103, 7224986103, 'https://www.facebook.com/Izta-Sal%C3%B3n-1235918503094857', 'NA', ' iztasalonx@gmail.com', '2021-10-25', 15, 701),
(73, 17, 4, 1, 'Le chalet', 'Salon de fiestas familiar para todas tus reuniones', ' Av. Miguel Hidalgo Pte 50080 Toluca de Lerdo, Estado de México, México', 7224875937, 7224875937, 'https://www.facebook.com/LeChaletToluca/?ref=page_internal', 'NA', 'lechalet19@gmail.com', '2021-10-25', 15, 657),
(74, 49, 11, 1, 'Golden Style', 'Empresa dedicada a cambios de imagen ', '16 de Septiembre 576 Colonia Lázaro Cárdenas', 7224666497, 7224666497, 'https://www.facebook.com/Golden-Style-100214485592648/', 'https://www.instagram.com/golden.style.05/?hl=es', 'lunao2128@gmail.com', '2021-10-26', 15, 701),
(75, 14, 3, 1, 'Chessecake Karen Castillo', 'Chessecakes de diferentes sabores y presentaciones deliciosos y super cremoso. ', 'Manzana 41 Izcalli V', 7229057218, 7229057218, 'https://m.facebook.com/home.php?hrc=1&_rdr ', 'https://www.instagram.com/kc.chesse/', 'castillo.dac28@gmail.com ', '2021-10-26', 15, 701),
(76, 20, 4, 1, 'Salon de eventos Tulipanes', 'En Tulipanes te ofrecemos un hermoso espacio para llevar acabo tus eventos sociales en la mejor ubicación de Toluca . Con capacidad de 50 a 120 personas .', ' Gomez Farias 309 50000 Estado de México, México', 7221548234, 7221548234, 'https://www.facebook.com/tulipanesfiesta', 'NA', 'tulipanesfiesta2@gmail.com', '2021-10-27', 15, 657),
(77, 17, 4, 1, 'Los cedros', 'Brindar un servicio de calidad a través de la creación de experiencias y momentos únicos en cada uno de sus eventos, generando momentos inolvidables.', 'Andrés Quintana Roo #1413, Col. Ocho Cedros 50170 Toluca de Lerdo, Estado de México, México', 7291004387, 7291004387, 'https://www.facebook.com/CedrosSalonDeEventos', 'NA', 'locedrosalon@gmail.com', '2021-10-27', 15, 657),
(78, 41, 9, 1, 'Inflables Fety', 'Renta de Inflables Varios.', 'Estado de Mexico ', 7229122584, 7229122584, 'https://www.facebook.com/Inflables-FETY-104362638563614', 'NA', 'ivone.ra.1984@gmail.com', '2021-10-27', 15, 657),
(79, 41, 9, 1, 'La Abejita', 'La mayor diversión para sus niños con nuestra gran variedad de juegos inflables.', 'paseo san isidro 52140 Metepec, Estado de México, México', 7221044283, 7221044283, 'https://www.facebook.com/rentadeinflablesenmetepecytoluca', 'NA', 'faridaja@hotmail.com', '2021-10-28', 15, 701),
(80, 41, 9, 1, 'Inflables Monito Jumper', 'Renta de inflables y juegos de feria para que tu evento sea completo', '52176 Estado de México, México', 7226659763, 7226659763, 'https://www.facebook.com/Inflables-Monito-Jumper-910736389113641', 'NA', 'monitojumper@hotmail.com', '2021-10-28', 15, 657),
(81, 41, 9, 1, 'Inflables saltaventura', 'No te quedes con las ganas de tener un día lleno de diversión! en esa fecha especial invitamos a tu evento y te aseguro que pasarán un momento increíble con nuestros inflables y trampolines!', 'Privada de Lerdo 50290 Toluca de Lerdo, Estado de México, México', 7225947190, 7225947190, 'https://www.facebook.com/Inflables-saltaventura-102771938609178', 'NA', 'edwin05_6@hotmail.com', '2021-10-28', 15, 657),
(82, 57, 3, 1, 'La dulce vida ', 'Decoración y mesas de dulces para todos tus eventos ', 'No tengo dirección ', 7229807772, 7229807772, 'https://www.facebook.com/ladulcevida.com.mx/', 'NA', 'mxdulcevida@gmail.com', '2021-10-29', 15, 657),
(83, 25, 5, 1, 'Dioniso', 'Barra móvil de coctelería para todo tipo de eventos, cubrimos eventos con coctelería variada con y sin alcohol ', 'Agustín Laxo Mz 20 la 41 casa 2313 ', 7293617739, 7222013447, 'https://instagram.com/dionisomixologia?utm_medium=copy_link', 'https://instagram.com/dionisomixologia?utm_medium=copy_link', 'dionisomcventas@gmail.com', '2021-11-08', 15, 701),
(84, 40, 9, 1, 'Mago Zentella', 'Show de magia para eventos infantiles', 'Estado de mexico', 7351425845, 7351425845, 'https://www.facebook.com/Mago-Zentella-Show-de-Magia-100184715616834/?ref=page_internal', 'NA', 'magozentella25@gmail.com', '2021-11-08', 15, 657),
(85, 40, 9, 1, 'Show de Magia e Ilusionismo', 'Show de magia para todo tipo de evento. Magia de cerca y de escenario.', 'Sin direccion de servicio', 5529048660, 5529048660, 'https://www.facebook.com/Show-de-Magia-e-ilusionismo-332553140795435/?ref=page_internal', 'NA', 'showdosmundos10@gmail.com', '2021-11-08', 15, 657),
(86, 40, 9, 1, 'Mago Rody', 'Magia sorpresa y diversion en el show del mago Rody y mapy el mapache. Show familiar y para adultos.', 'Servicio a domicilio', 7224934535, 7224934535, 'https://www.facebook.com/groups/2476823682584415/user/100026691737509https://www.facebook.com/groups/2476823682584415/user/100026691737509', 'NA', 'rdygarcia12@gmail.com', '2021-11-08', 15, 657),
(87, 14, 3, 1, 'Dulce Pecado', 'Pasteles decorados ', 'Ave Gobernadores 422 Metepec Mex', 7224747502, 7224747502, 'NA', 'NA', 'ariadnalugomaldonado@yahoo.com', '2021-11-10', 15, 701),
(88, 38, 9, 1, 'Payasa Tapita', '*SHOW PARA FIESTAS INFANTILES *SHOW PARA ADULTOS Y DESPEDIDAS DE SOLTERA CON LAS DOBLES DE LAS LAVANDERAS', 'Servicio a domicilio', 7225461649, 7225461649, 'https://www.facebook.com/Payasa-Tapita-117014310118324', 'NA', 'narely.diaz.@gmail.com', '2021-11-11', 15, 657),
(89, 20, 4, 1, 'Magnolias', 'Salon y Jardin para eventos de todo tipo', 'Barrio San Isidro 52105 San Mateo Atenco, Estado de México, México', 7228892484, 7228892484, 'https://www.facebook.com/SJardinMagnolias/?ref=page_internal', 'NA', 'cecyescarrega@gmail.com', '2021-11-11', 15, 700),
(90, 20, 4, 1, 'Vita Salon', 'Somos un salón y jardín exclusivo con capacidad de 60 invitados en salón + 70 invitados en jardín. Ubicado a una cuadra de la PRESIDENCIA MUNICIPAL DE METEPEC!', 'Allende #87 52140 Metepec, Estado de México, México', 7221393765, 7221393765, 'https://www.facebook.com/VitaJardinEventos', 'https://www.instagram.com/vitajardineventos/', 'vitasalonjardin@gmail.com', '2021-11-11', 15, 701),
(91, 27, 7, 1, 'Meseros Estrella', 'Para cualquier evento dentro y alrededor d toluca comunicate con nosotros MESEROS ESTRELLA', 'Toluca y alrededores', 7222690770, 7224048654, 'https://www.facebook.com/MeserosenToluca/?ref=page_internal', 'NA', 'mawwi.me1993@gmail.com', '2021-11-11', 15, 657),
(92, 20, 4, 1, 'Los Cerezos', 'El mejor lugar para hacer tus sueños realidad, nosotros te ayudaremos a que tu evento sea inolvidable', 'Calle Independencia #474, San Mateo Atenco, Mexico', 7221280289, 7221280289, 'https://www.facebook.com/SalonyJardinLosCerezos1', 'https://www.instagram.com/loscerezos01/', 'loscerezos.dulcema@hotmail.com', '2021-11-11', 15, 700),
(93, 16, 4, 1, 'La Asunción', '¡Un espacio diferente para tu evento inolvidable! Jardín con capacidad hasta para 200 personas . Contamos con paquetes todo incluido', 'Prolongacion Guadalupe Victoria No. 319, Col. Alvaro Obregon 52105 San Mateo Atenco, Estado de México, México', 7229197782, 7229197782, 'https://www.facebook.com/JardinLaAsuncion', 'NA', ' jardinlasuncion@hotmail.com', '2021-11-18', 15, 700),
(94, 20, 4, 1, 'Las Caballerizas', 'Salon y Jardin para todos tus eventos', 'San Jeronimo Chicahualco, 52170 Metepec, Méx.', 7226088780, 7226088780, 'https://www.facebook.com/lascaballerizasdlt1/?ref=page_internal', 'NA', 'lascaballerizas19@gmail.com', '2021-11-18', 15, 701),
(95, 4, 1, 1, 'Mariachi Imperial', 'Mariachi Imperial de Toluca eventos exitosos garantizados en Toluca y sus alrededores!!!', 'Servicios en Toluca y alrededores', 7223615037, 7223615037, 'https://www.facebook.com/adrianimperial.Mariachi/?ref=page_internal', 'NA', 'grupoimperialmariach@gmail.com', '2021-11-18', 15, 657),
(96, 4, 1, 1, 'Marichi Reyes de Toluca', 'Mariachi En Toluca, Metepec, Lerma Y Alrededores.', 'Toluca, Metepec, Lerma Y Alrededores.', 7225857159, 7225857159, 'https://www.facebook.com/Mariachi-Reyes-De-Toluca-107922007578609/?ref=page_internal', 'https://www.instagram.com/reyes_de_toluca/', ' danielneri5889@gmail.com', '2021-11-18', 15, 657),
(97, 4, 1, 1, 'Mariachi Centenario', '“La música es el territorio donde nada nos hace daño”', 'Servicios en Toluca, Metepec y alrededores', 7224143553, 7224143553, 'https://www.facebook.com/Mariachi-Centenario-de-Toluca-109653743070992/?ref=page_internal', 'NA', 'centenariomariachi@gmail.com', '2021-11-19', 15, 657),
(98, 4, 1, 1, 'Mariachi Estrella', 'Mariachi Estrella de Toluca de Jesús Espinosa.', 'Toluca Estado de México', 7222395464, 7222395464, 'https://www.facebook.com/mariachiestrealladetoluca/?ref=page_internal', 'NA', 'mariachiestrelladeto1uca@gmail.com', '2021-11-19', 15, 657),
(99, 59, 1, 1, 'Trio Los Andariegos', 'El romanticismo en su máxima expresión, músicos 100% profesionales le ofrecemos: seriedad, elegancia, distinción, puntualidad, experiencia y un alto nivel musical', 'Toluca Edo Mexico', 7225370416, 7225370416, 'https://www.facebook.com/Trio-Los-Andariegos-Toluca-M%C3%A9x-448666038531069/?ref=page_internal', 'NA', 'losandariegostriogmail.com', '2021-11-19', 15, 657),
(100, 59, 1, 1, 'Trio Los Monarcas', 'Trío de Música Versátil', 'Metepec y Alrededores', 7223398024, 7223398024, 'https://www.facebook.com/Trio-Los-Monarcas-Toluca-207286582648897/?ref=page_internal', 'NA', 'triomonarcas@gmail.com', '2021-11-19', 15, 657),
(101, 2, 1, 1, 'Banda Conquistadora', 'Estamos a sus ordenes!! para todo tipo de eventos', 'Toluca Mexico', 7224713644, 7224713644, 'https://www.facebook.com/ConquistadoraDeToluca/?ref=page_internal', 'https://www.instagram.com/banda_conquistadora_de_toluca/', 'jorgemendozaepifanio@gmail.com', '2021-11-19', 15, 657),
(102, 2, 1, 1, 'Banda Tierra Grande', 'Banda para eventos sociales', 'San Juan Tilapa', 7225189973, 7228457062, 'https://www.facebook.com/BandaTierraGrand/?ref=page_internal', 'NA', 'tierragrande@hotmail.com', '2021-11-19', 15, 657),
(103, 8, 1, 1, 'Antonio Sild', 'Asus órdenes para todo tipo de eventos sociales.', 'Servicios en Toluca', 7221948790, 7221948790, 'https://www.facebook.com/Solista-Vers%C3%A1til-Toluca-114290199947209/?ref=page_internal', 'NA', 'antonio_sild11@gmail.com', '2021-11-19', 15, 657),
(104, 8, 1, 1, 'Gavo Villa', 'Sabemos lo importante que es para ti tu próximo evento, por eso nos encargamos de armar un excelente show musical', 'Contrataciones en Toluca y alrededores', 7294695517, 7294695517, 'https://www.facebook.com/Solista-vers%C3%A1til-Gabo-Villa-109578750908285/?ref=page_internal', 'NA', 'gabomora758@gmail.com', '2021-11-19', 15, 657),
(105, 46, 9, 1, 'Renta de Albercas Armables', 'Renta de Albercas armables para cualquier fecha', 'Ixtapaluca Edo de Mexico', 7351615722, 7351615722, 'https://www.facebook.com/rentadealbercasarmablesixtapalucachalco/?ref=page_internal', 'NA', 'felixgallardo37@gmail.com', '2021-11-19', 15, 767),
(106, 46, 9, 1, 'Albercas Garcia', 'Renta de Albercas para todo tipo de eventos. Las llevamos hasta tu domicilio, la armamos y de vuelta, sin costo adicional.', 'Calle 16 de Septiembre 55895 Xometla, State of Mexico, Mexico', 5549646118, 5549646118, 'https://www.facebook.com/RENTA-de-Albercas-Garc%C3%ADa-101999641997011/?ref=page_internal', 'NA', 'albercasgarcia29@gmail.com', '2021-11-19', 15, 752),
(107, 31, 6, 1, 'Mmi´s', 'Venta de arreglos de globos', 'Estado De Mexico', 7721435951, 7721435951, 'https://www.facebook.com/Globoflexia-y-decoraciones-Mmis-107294118406833/?ref=page_internal', 'NA', 'saotfcbcda@outlook.es', '2021-11-19', 15, 657),
(108, 17, 4, 1, 'Banquetes Grissel', 'Salon y organizacion de tus eventos', 'Av. Río Soto La Marina 66, Paseos de Churubusco 09030 Ciudad de México, México', 5570342550, 5570342550, 'https://www.facebook.com/Banquetes-Grissel-175720146265054', 'NA', 'contacto@eventosgrisel.com', '2021-11-25', 9, 266),
(109, 17, 4, 1, 'Salon D´Queen', 'Somos un corporativo dedicado a la realizacion de eventos sociales con todo lo necesario para crear de tu evento, un verdadero espectaculo.', 'calle 4 num. 232 08100 Ciudad de México, México', 5557586824, 5557586824, 'https://www.facebook.com/Salones-D-Queen-441647719219520/?ref=page_internal', 'NA', ' salondqueen@hotmail.com', '2021-11-25', 9, 266),
(110, 17, 4, 1, 'Salon D Luz', 'Especialistas en banquetes y eventos sociales. Contamos con 8 salones en 4 sucursales; Col. Roma, Col. Ignacio Zaragoza, Col. Pantitlan, Viaducto.', 'Av. 8 #217 Col. Ignacio Zaragoza 15000 Ciudad de México, México', 5557844637, 5557844637, 'https://www.facebook.com/SalonDLuz/?ref=page_internal', 'NA', 'salondeluz.adm@gmail.com', '2021-11-25', 9, 266),
(111, 17, 4, 1, 'Salones Algarabia', 'Queremos ser parte de sus reencuentros y la celebración de esa persona tan valiente que merece la mejor de las fiestas. Estamos listos para recibirles.', 'C. Miguel Jacintes 68, Moctezuma 1ra Secc, Venustiano Carranza, 15500 Ciudad de México, CDMX', 5589915145, 5589915145, 'https://www.facebook.com/Algarab%C3%ADa-salones-de-fiestas-942001599335805/?ref=page_internal', 'NA', 'algarabiasaloones@gmail.com', '2021-11-25', 9, 280),
(112, 20, 4, 1, 'Salon y Jardin Gelavia', 'Salon y Jardin', '16 de septiembre 232 , Barrio de san Miguel 02090 Estado de México, México', 7221192787, 7221192787, 'https://www.facebook.com/SalonGuelavia/?ref=page_internal', 'NA', 'feliperamos181@hotmail.com', '2021-11-25', 15, 657),
(113, 17, 4, 1, 'Salon Dalias', 'Dalias, somos parte de tus sueños. Tenemos para ti lo mejor para tus eventos; con la mejor iluminacion, mantelería de lujo, espectáculos y estacionamiento.', 'Calle Ignacio López Rayón No. 320 Colonia Tejocote 50020 Toluca de Lerdo, Estado de México, México', 7223813772, 7223813772, 'https://www.facebook.com/SalonDalias/?ref=page_internal', 'NA', 'salondalias19@gmail.com', '2021-11-26', 15, 700),
(114, 20, 4, 1, 'Salon and Garden Metepec', 'Salon de usos multiples para todo tipo de eventos', 'Paseo San Isidro 215, Barrio del Espiritu Santo, Metepec 52140 Metepec, Estado de México, México', 7221082501, 7221082501, 'https://www.facebook.com/Salon-and-Garden-Metepec-1652942428295664', 'NA', 'salongarden.metepec@gmail.com', '2021-11-26', 15, 701),
(115, 17, 4, 1, 'Salones Agora', ' Luis Donaldo Colosio SN 52223 Chapultepec, Estado de México, México', ' Luis Donaldo Colosio SN 52223 Chapultepec, Estado de México, México', 7223542856, 7223542856, 'https://www.facebook.com/Salones-%C3%80gora-M%C3%A9xico-100568039111625/?ref=page_internal', 'NA', ' salones.agora@gmail.com', '2021-11-26', 15, 657),
(116, 60, 4, 1, 'Abelar2', 'Somos un salón de fiestas temático donde tus invitados y tú pasarán un rato lleno de diversión sin dejar a un lado la seguridad de los más pequeños.', ' Adolfo López Mateos 517, Bella Vista, Metepec 52172 Estado de México, México', 5591004901, 5591004901, 'https://www.facebook.com/Sal%C3%B3n-de-Fiestas-Infantiles-Abelar2-649523235568867', 'NA', ' abelar2salonn@gmail.com', '2021-11-26', 15, 701),
(117, 20, 4, 1, 'Salon & Jardin “Dulce Atardecer”', 'Salon & jardín ', '5TA Privada 16 de Septiembre, Francisco I Madero, 52172 Metepec, EDOMEX, México 52172 Metepec, Estado de México', 5578439083, 5578439083, 'https://www.facebook.com/Salon-Jardin-Dulce-Atardecer-109994094804041', 'NA', ' gerencia21@disepri.com', '2021-11-26', 15, 701),
(118, 17, 4, 1, 'Salon de Eventos Camelias', 'Salón de fiestas y eventos en la mejor zona de Metepec, a unas calles de Town Square. Amplio estacionamiento.', ' LEONA VICARIO 331, METEPEC 52140 Estado de México, México', 7225850018, 7225850018, 'https://www.facebook.com/Sal%C3%B3n-de-Eventos-Camelinas-108000594027841/?ref=page_internal', 'NA', 'saloncamelias38@gmail.com', '2021-11-26', 15, 701),
(119, 17, 4, 1, 'Salones Coronado', 'En Salones Coronado somos una empresa de gran tradición y vanguardia en México, con más de 35 años sirviendo a generaciones en eventos sociales y empresariales.', 'Av Mario Colin 10, Hab Rancho San Antonio, 54070 Tlalnepantla de Baz, Méx.', 5530771612, 5530771612, 'https://www.facebook.com/SalonesCoronadoOficial/?ref=page_internal', 'NA', 'informacion@salonescoronado.com.mx', '2021-11-26', 15, 701),
(120, 17, 4, 1, 'Salon de Fiestas Paraiso', 'Te ofrecemos un sitio adecuado para tus eventos, cómodo, con jardín, amplio estacionamiento y lindas instalaciones, años de experiencia nos respaldan.', 'Del Pacífico 1004,Héroes del 5 de Mayo 50170 Toluca de Lerdo, Estado de México, México', 7223491952, 7223491952, 'https://www.facebook.com/paraisotoluca/?ref=page_internal', 'NA', 'paraiso_gloria@hotmail.com', '2021-11-26', 15, 657),
(121, 17, 4, 1, 'Piña Garden', 'Salón Jardin de Eventos Especiales y Fiestas Piña Garden contamos con servicio de bufet en dos y tres tiempos, taquizas y servicio de comida para niños', 'Miguel Hidalgo 1705 52140 Estado de México, México', 7221766301, 7221766301, 'https://www.facebook.com/Salon-Jardin-de-Eventos-y-Fiestas-Pi%C3%B1a-Garden-Metepec-1033780586643260/?ref=page_internal', 'NA', 'eventospina@gmail.com', '2021-11-26', 15, 701),
(122, 17, 4, 1, 'Salones Davala', 'Salones Davala, dónde el evento de tus sueños se hará realidad.', ' Aeropuerto Miguel 447,Nueva San Pedro, San Pedro Totoltepec 50209 Toluca de Lerdo, Estado de México, México', 7292788270, 7292788270, 'https://www.facebook.com/saladeeventosdavala', 'NA', 'salonesdavala89@gmail.com', '2021-11-26', 15, 657),
(123, 20, 4, 1, 'Salon de Fiestas Carrousel', 'El salón de fiestas cuenta con baños para mujeres y para hombres, cancha, juego de futbolitos y carrusel, cocineta, barra y refrigerador.', 'Calle Francisco Villa 166, Delegación Santa Cruz Atzcapotzaltongo 50030 Toluca de Lerdo, Estado de México, México', 7222242297, 7222242297, 'https://www.facebook.com/SalonCarroussel/?ref=page_internal', 'NA', 'fiestascarrousel@gmail.com', '2021-11-26', 15, 657),
(124, 17, 4, 1, 'La Terraza', 'Salones para realizar cualquier tipo de evento con capacidad de 150 a 200 personas. Contamos con Loza, Cristalería, Mantelería, Mesas, Sillas, Inflables.', 'Ignacio Allende No. 18, esq. Galeana 52143 San Miguel Totocuitlapilco, State of Mexico, Mexico', 7226719764, 7226719764, 'https://www.facebook.com/Sal%C3%B3n-de-fiestas-la-Terraza-107937898212363/?ref=page_internal', 'NA', 'valerialabas@icloud.com', '2021-11-26', 15, 657),
(125, 17, 4, 1, 'Salon Don Quijote', '¡precios economicos para tus eventos!', 'Calle Miguel Hidalgo, #24, Colonia El Carmen Totoltepec 50240 Toluca de Lerdo, Estado de México, México', 7223636793, 7223636793, 'https://www.facebook.com/DonQuijote0204/?ref=page_internal', 'NA', 'donquijote.salon@outlook.com', '2021-11-26', 15, 657),
(126, 16, 4, 1, 'El Patio de Martha', 'El Patio de Martha es un salón y jardín de eventos ubicado en Metepec, Estado de México. Cuenta con un área de más de 6000 m2, salón, estacionamiento privado, cancha de football y áreas verdes.', 'Josefa Ortiz de Dominguez 99 52148 Metepec, Estado de México, México', 7222427809, 7222427809, 'https://www.facebook.com/elpatiodemartha/?ref=page_internal', 'NA', 'elpatiodemartha28@yahoo.com.mx', '2021-11-26', 15, 701),
(127, 33, 6, 1, 'Bonicsolé ', 'Empresa de productos naturales perfectos para tu evento, cómo jabones artesanales, crema sólida, bálsamo labial, ¡y más! Totalmente personalizados.', 'No hay tienda física ', 7292715814, 7292715814, 'https://www.facebook.com/bonicsole/', 'https://instagram.com/bonicsole?igshid=YmMyMTA2M2Y=', 'bonicsole@gmail.com', '2022-07-12', 15, 657);

-- --------------------------------------------------------

--
-- Table structure for table `tblserviciocategoria`
--

CREATE TABLE `tblserviciocategoria` (
  `IdServicioCategoria` int(11) NOT NULL,
  `IdServicio` int(11) NOT NULL,
  `IdCategoria` int(11) NOT NULL
) ENGINE=InnoDB DEFAULT CHARSET=utf8mb4;

--
-- Dumping data for table `tblserviciocategoria`
--

INSERT INTO `tblserviciocategoria` (`IdServicioCategoria`, `IdServicio`, `IdCategoria`) VALUES
(1, 1, 1),
(2, 1, 2),
(3, 1, 3),
(4, 1, 4),
(5, 1, 5),
(6, 1, 6),
(7, 1, 7),
(8, 1, 8),
(9, 2, 9),
(10, 2, 10),
(11, 2, 11),
(12, 2, 12),
(13, 3, 13),
(14, 3, 14),
(15, 3, 15),
(16, 4, 16),
(17, 4, 17),
(18, 4, 18),
(19, 4, 19),
(20, 4, 20),
(21, 4, 21),
(22, 4, 22),
(23, 5, 23),
(24, 5, 24),
(25, 5, 25),
(26, 5, 26),
(27, 7, 27),
(28, 7, 28),
(29, 5, 29),
(30, 4, 30),
(31, 6, 31),
(32, 6, 32),
(33, 6, 33),
(34, 8, 34),
(35, 8, 35),
(36, 8, 36),
(37, 8, 37),
(38, 9, 38),
(39, 9, 39),
(40, 9, 40),
(41, 9, 41),
(42, 9, 42),
(43, 9, 43),
(44, 10, 44),
(46, 9, 46),
(48, 11, 48),
(49, 11, 49),
(50, 2, 50),
(51, 6, 51),
(52, 6, 52),
(53, 1, 53),
(54, 9, 54),
(55, 11, 55),
(56, 9, 56),
(57, 3, 57),
(58, 2, 58),
(59, 1, 59),
(60, 4, 60),
(61, 12, 61),
(62, 13, 63),
(63, 14, 65);

-- --------------------------------------------------------

--
-- Table structure for table `tblservicios`
--

CREATE TABLE `tblservicios` (
  `IdServicio` int(11) NOT NULL,
  `Descripcion` varchar(255) NOT NULL
) ENGINE=InnoDB DEFAULT CHARSET=utf8mb4;

--
-- Dumping data for table `tblservicios`
--

INSERT INTO `tblservicios` (`IdServicio`, `Descripcion`) VALUES
(1, 'Música'),
(2, 'Comida'),
(3, 'Dulces'),
(4, 'Salones'),
(5, 'Bebidas'),
(6, 'Decoración'),
(7, 'Meseros'),
(8, 'Fotografía y Video'),
(9, 'Entretenimiento'),
(10, 'Electricidad'),
(11, 'Belleza'),
(12, 'Seguridad, Servicio Médico, Logistica'),
(13, ''),
(14, '');

-- --------------------------------------------------------

--
-- Table structure for table `tblusuario`
--

CREATE TABLE `tblusuario` (
  `IdUsuario` int(11) NOT NULL,
  `Correo` varchar(255) NOT NULL,
  `Contrasenia` varchar(255) NOT NULL,
  `IdNegocio` int(11) NOT NULL
) ENGINE=InnoDB DEFAULT CHARSET=utf8mb4;

--
-- Dumping data for table `tblusuario`
--

INSERT INTO `tblusuario` (`IdUsuario`, `Correo`, `Contrasenia`, `IdNegocio`) VALUES
(1, 'admin@allmyparty.com', 'MyParty123@', 0),
(17, 'gmalexlima@outlook.com', 'Limadeejay123@', 23),
(19, 'alchemix11@hotmail.com', 'Alchemix11?', 25),
(20, 'gmalexlima@outlook.com', 'Mrburger123@', 26),
(21, 'alchemix11@hotmail.com', 'Alchemix11¿', 27),
(22, 'grupsan-2000@hotmail.com', 'fjng271202', 28),
(23, 'Bsndkcoejxjcododkxkx', 'nsndkcjskxkxksks', 29),
(24, 'grupsan-2000@hotmail.com', 'fjng271202', 30),
(25, 'grupsan-2000@hotmail.com', 'fjng271202', 31),
(26, 'carolnesmith@hotmail.com', 'Nashuab2', 32),
(27, 'Erick Ortega wedding & evento planner y renta de mobiliario', 'cr7ronaldo', 33),
(28, 'eventos produccioneshuum@gmail.com', '141015800Ya', 34),
(29, 'César jh.chj@gmail.com', 'DRAUGS', 35),
(30, 'Pequetropoli@gmail.com', 'K_licea10', 36),
(31, 'lesliemon6@gmail.com', 'leal.0809', 37),
(32, 'fernyinflables@gmail.com', '01055678', 38),
(33, 'letrasgigantes5@gmail.com', 'letrasmetegig', 39),
(34, 'gkasino@hotmail.com', 'syjkasino1864', 40),
(35, 'postresyfotoszoe@gmail.com', 'zoeriv2516', 41),
(36, 'bartender.easybar54@gmail.com', 'easybar01030507', 42),
(37, 'lafioreeventos01@gmail.com', 'angi23hsd1', 43),
(38, 'emanuel.c.v09@gmail.com', 'Soundfeeleventos', 44),
(39, 'martimixpepin@hotmail.com', 'alofish1', 45),
(40, 'Daniela.pillado@hotmail.com', '241118', 46),
(41, 'josselynd94@gmail.com', 'alexia05', 47),
(42, 'rodriguezenrique14@gmail.com', 'rodriGu1324', 48),
(43, 'conect.luzysonido@gmail.com', 'conectordas', 49),
(44, 'oscaraudioconcepto@hotmail.com', 'Madrid2311', 50),
(45, 'fincasanbenito1@outlook.com', 'fincasanbeni156284', 51),
(46, 'salonlau1782@gmail.com', 'salonlau2156', 52),
(47, 'Yousalonybarberia@gmail.com ', 'yousalon123', 53),
(48, 'Manuelitasalon1@gmail.com', '1enero2000', 54),
(49, 'filmadronemx@gmail.com', 'filmdrone102938', 55),
(50, 'rawlifepro@gmail.com', 'raw1if3', 56),
(51, 'retouch.visual@gmail.com', 'retouchvi191715', 57),
(52, 'fotostudiocristian@hotmail.com', 'fotocris4261', 58),
(53, 'djshow.tluca@gmail.com', '0102030405vomba', 59),
(54, 'eomero_69@yahoo.com.mx', 'contraseña69', 60),
(55, 'letras.ilumi.nadastol@gmail.com', 'sara23hdz1', 61),
(56, 'nan.benavides@gmail.com', '010203abc', 62),
(57, 'tannia_herrera@hotmail.com', 'tani2604', 63),
(58, 'aldomendiola31@gmail.com', 'aldomen21', 64),
(59, 'salonfantasi@yahoo.com', 'lalo21985', 65),
(60, 'vfloresfeipe@hotmail.com', '0102030608012', 66),
(61, 'mesegomez21@gmail.com', 'gomezme1962', 67),
(62, 'contactobyconcept@gmail.com', '01062039', 68),
(63, 'medinameseros@gmail.com', 'mcerosmedina', 69),
(64, 'williamjhanycrimi@gmail.com', 'wiliammeseros2', 70),
(65, 'angel_marey1@gmail.com', '0103052314', 71),
(66, ' iztasalonx@gmail.com', '121314contraseña', 72),
(67, 'lechalet19@gmail.com', 'lechalet19abc', 73),
(68, 'lunao2128@gmail.com', 'Joshuarafa1.', 74),
(69, 'castillo.dac28@gmail.com ', 'DADI2328', 75),
(70, 'tulipanesfiesta2@gmail.com', '0104012345', 76),
(71, 'locedrosalon@gmail.com', 'locedrosalon2468', 77),
(72, 'ivone.ra.1984@gmail.com', '10ivnne20', 78),
(73, 'faridaja@hotmail.com', 'control69', 79),
(74, 'monitojumper@hotmail.com', 'monitocontraseña', 80),
(75, 'edwin05_6@hotmail.com', 'salta7ent0r4', 81),
(76, 'mxdulcevida@gmail.com', 'dulcevidamesa5789', 82),
(77, 'dionisomcventas@gmail.com', 'Bichis123', 83),
(78, 'magozentella25@gmail.com', 'magia11234', 84),
(79, 'showdosmundos10@gmail.com', 'dosmundos10', 85),
(80, 'rdygarcia12@gmail.com', 'garcia1214', 86),
(81, 'ariadnalugomaldonado@yahoo.com', 'Ariyael68', 87),
(82, 'narely.diaz.@gmail.com', 'tapita1219', 88),
(83, 'cecyescarrega@gmail.com', 'magnolias545', 89),
(84, 'vitasalonjardin@gmail.com', 'vitaevents', 90),
(85, 'mawwi.me1993@gmail.com', 'estrella1993', 91),
(86, 'loscerezos.dulcema@hotmail.com', 'cerezosjardin10', 92),
(87, 'miski.reposteria@gmail.com', 'miskipostres', 92),
(88, ' jardinlasuncion@hotmail.com', 'lasuncionjar', 93),
(89, 'lascaballerizas19@gmail.com', 'contraseña22', 94),
(90, 'grupoimperialmariach@gmail.com', 'mariachisimo', 95),
(91, ' danielneri5889@gmail.com', 'elmariachiloco', 96),
(92, 'centenariomariachi@gmail.com', 'mariachi45', 97),
(93, 'mariachiestrelladeto1uca@gmail.com', 'jesusespinosa', 98),
(94, 'losandariegostriogmail.com', 'betoperalta21', 99),
(95, 'triomonarcas@gmail.com', 'monarcas1', 100),
(96, 'jorgemendozaepifanio@gmail.com', 'conquistadora', 101),
(97, 'tierragrande@hotmail.com', 'alonso70', 102),
(98, 'antonio_sild11@gmail.com', '14071980', 103),
(99, 'gabomora758@gmail.com', 'moramora758', 104),
(100, 'felixgallardo37@gmail.com', '01020304050813', 105),
(101, 'albercasgarcia29@gmail.com', 'garcia29', 106),
(102, 'saotfcbcda@outlook.es', '30051984', 107),
(103, 'contacto@eventosgrisel.com', 'grisseleventos', 108),
(104, ' salondqueen@hotmail.com', 'queensalones', 109),
(105, 'salondeluz.adm@gmail.com', 'luzdsalones21', 110),
(106, 'algarabiasaloones@gmail.com', '10171820', 111),
(107, 'feliperamos181@hotmail.com', 'guelavia181', 112),
(108, 'salondalias19@gmail.com', 'salondañoas', 113),
(109, 'salongarden.metepec@gmail.com', 'salinandgarden', 114),
(110, ' salones.agora@gmail.com', 'agorasalones', 115),
(111, ' abelar2salonn@gmail.com', 'salonesabelardo', 116),
(112, ' gerencia21@disepri.com', 'atardecerdlce', 117),
(113, 'saloncamelias38@gmail.com', 'camelias1938', 118),
(114, 'informacion@salonescoronado.com.mx', 'salonescoronado12', 119),
(115, 'guille_vargas0602@hotmail.com', 'sajlonjardindaniels', 119),
(116, 'paraiso_gloria@hotmail.com', 'salonparaisogloras', 120),
(117, 'eventospina@gmail.com', 'pinaeventos', 121),
(118, 'salonesdavala89@gmail.com', 'salones davala89', 122),
(119, 'fiestascarrousel@gmail.com', 'carrousel13', 123),
(120, 'valerialabas@icloud.com', 'contraseña27', 124),
(121, 'donquijote.salon@outlook.com', 'donquijotecoraseña', 125),
(122, 'elpatiodemartha28@yahoo.com.mx', 'martha1908', 126),
(123, 'dluisillo@sidebent.com', 'Dlr151297', 127),
(124, 'bonicsole@gmail.com', 'selenayjustin', 127),
(125, '', '', 127),
(126, '', '', 127),
(127, '', '', 127),
(128, '', '', 127),
(129, '', '', 127),
(130, '', '', 127);

-- --------------------------------------------------------

--
-- Table structure for table `tblusuarioscomun`
--

CREATE TABLE `tblusuarioscomun` (
  `IdUsuario` int(11) NOT NULL,
  `Nombre` varchar(255) NOT NULL,
  `Correo` varchar(255) NOT NULL,
  `Telefono` bigint(20) NOT NULL,
  `Sexo` varchar(255) NOT NULL,
  `Edad` int(11) NOT NULL,
  `Contrasenia` varchar(255) NOT NULL,
  `IdEstado` int(11) NOT NULL,
  `IdMunicipio` int(11) NOT NULL
) ENGINE=InnoDB DEFAULT CHARSET=utf8mb4;

--
-- Dumping data for table `tblusuarioscomun`
--

INSERT INTO `tblusuarioscomun` (`IdUsuario`, `Nombre`, `Correo`, `Telefono`, `Sexo`, `Edad`, `Contrasenia`, `IdEstado`, `IdMunicipio`) VALUES
(1, 'Alejandro Lima Martinez', 'gmalexlima@outlook.com', 7225490020, '1', 21, 'alejandro', 15, 657),
(2, 'Verónica Lima Martinez', 'verito000@gmail.com', 7221693440, '2', 19, 'veronica', 15, 657),
(4, 'María Fernanda de León ', 'maferlg05@gmail.com', 7226465527, '2', 21, 'Tonjit@05', 15, 657),
(5, 'Frida Ximena López Beltrán', 'flopezb001@gmail.com', 7226176520, '2', 19, 'Crazylife', 15, 657),
(6, 'Daniela Rebollar ', 'dani.drb10@gmail.com', 7225637849, '2', 20, '22onedani02', 15, 679),
(7, 'Meryt Paola Almazán Martínez ', 'paolameryt@gmail.com', 7295988267, '2', 19, 'Bombocha20', 15, 657),
(8, 'Melissa Guadalupe Castañeda López ', 'melcaslo21@gmail.com', 7223827412, '2', 19, 'Amarillo21', 15, 657),
(9, 'Enrique', 'quique_1710@hotmail.com', 7226354205, '1', 20, 'Ndeniseteocurranipensarlio', 15, 657),
(10, 'Ana Cristina Alcántara Delgadillo ', 'cristina.alcantara180302@gmail.com', 7223494306, '2', 20, 'oc1oc2oc3', 15, 701),
(11, 'ivan', 'g22ivanc01@gmail.com', 7224642379, '1', 21, '45/sam178/', 15, 657),
(12, 'Mauro Salinas ', 'alex17tremo@hotmail.con', 7291232101, '1', 19, '1234', 15, 657),
(13, 'Carlos Reyes Cuevas', 'carlos_reyes0512@hotmail.com', 7222847470, '1', 21, 'cuchao42', 15, 657),
(14, 'Braulio Ortiz Arreola', 'boax135@gmail.com', 6677757771, '1', 21, 'dracukeo', 25, 1872),
(15, 'Enrique Villaseñor', 'enrivi@live.com.mx', 7379323101, '1', 24, 'Airbusa320', 15, 712),
(16, 'Alejandra Porcayo', 'alepoal13@hotmail.com', 7226472241, '2', 23, '00316648', 15, 657),
(17, 'Andrei Heredia', 'andreihm@hotmail.com', 5520656407, '1', 24, 'ajedrez22', 15, 719),
(19, 'Roberto Villalva Molina ', 'itzminmolina@gmail.com', 7221537415, '1', 18, 'skrillex9818', 15, 657),
(20, 'Mafer Jiménez Reyes ', 'jimmafer2@gmail.com', 7293596897, '2', 18, 'maKer00890', 15, 657),
(21, 'Diego Axel Alcántara García ', 'aagd021113@gmail.com', 7224153736, '1', 19, 'DiegoLIMA', 15, 657),
(22, '7225384428 ', 'pausuape@gmail.com', 7225384428, '2', 23, '1001130108pausua', 15, 657),
(23, 'Cristian Valenzuela ', 'vipercr3@gmail.com', 7293856329, '1', 21, 'doblerima1', 15, 657),
(24, 'María Guadalupe Gabriela García Victoria ', 'gaby2555555@gmail.com', 7291024052, '2', 21, 'StefanSalvatore1864', 15, 657),
(25, 'Luis Alfonso Juárez Martínez ', 'luisalfonsojm181@gmail.com', 7222457585, '1', 21, 'Mochilaazul2', 15, 657),
(26, 'Roberto Carlos Carrillo García ', 'robccgar@gmail.com', 7293291871, '1', 22, 'tunomete', 15, 657),
(27, 'Ibeth Zuleica Moran Rosales ', 'moranzul07@gmail.com', 7293289573, '2', 21, 'Zulemoran5', 15, 657),
(28, 'Dana Paulina Salinas Santos ', 'dana.nichols1212@gmail.com', 5522181517, '2', 18, 'DrakeYJosh', 15, 657),
(29, 'Camila Cruz ', 'cammicruz@icloud.com', 7224741310, '2', 18, 'Abcdfghjklñ', 15, 657),
(30, 'Angie Bernal ', 'abfgpo27@gmail.com', 7227717282, '2', 21, 'bernalfranco12', 15, 703),
(31, 'Francisco Gallegos', 'ingfcogallegos@comunidad.unam.mx', 5519353246, '1', 35, 'Gallegos01', 9, 269),
(32, 'Brenda Rodriguez rivas ', 'brenrodriguez2913@gmail.com', 7292384124, '2', 20, 'BRENDA22JE', 15, 703),
(33, 'Jenyfer Moreno Cadena', 'jenmc_24@hotmail.com', 7225708710, '2', 24, 'jenymoreno20', 15, 657);

-- --------------------------------------------------------

--
-- Table structure for table `tblvotosnegocios`
--

CREATE TABLE `tblvotosnegocios` (
  `IdVoto` int(11) NOT NULL,
  `IdNegocio` int(11) NOT NULL,
  `IdUsuario` int(11) NOT NULL
) ENGINE=InnoDB DEFAULT CHARSET=utf8mb4;

--
-- Dumping data for table `tblvotosnegocios`
--

INSERT INTO `tblvotosnegocios` (`IdVoto`, `IdNegocio`, `IdUsuario`) VALUES
(1, 23, 1),
(2, 40, 1),
(3, 23, 2),
(4, 54, 2),
(6, 82, 7),
(7, 82, 9),
(8, 49, 11),
(9, 49, 13),
(10, 49, 14),
(11, 49, 15),
(12, 49, 16);

--
-- Indexes for dumped tables
--

--
-- Indexes for table `estados`
--
ALTER TABLE `estados`
  ADD PRIMARY KEY (`id`);

--
-- Indexes for table `estados_municipios`
--
ALTER TABLE `estados_municipios`
  ADD PRIMARY KEY (`id`),
  ADD UNIQUE KEY `estados_id` (`estados_id`,`municipios_id`),
  ADD KEY `municipios_id_refs_id_6d8b23ec` (`municipios_id`);

--
-- Indexes for table `municipios`
--
ALTER TABLE `municipios`
  ADD PRIMARY KEY (`id`);

--
-- Indexes for table `tblcategorias`
--
ALTER TABLE `tblcategorias`
  ADD PRIMARY KEY (`IdCategoria`);

--
-- Indexes for table `tblestatusnegocio`
--
ALTER TABLE `tblestatusnegocio`
  ADD PRIMARY KEY (`IdEstatus`);

--
-- Indexes for table `tblimagenesbanner`
--
ALTER TABLE `tblimagenesbanner`
  ADD PRIMARY KEY (`IdImagenBanner`);

--
-- Indexes for table `tblimagennegocio`
--
ALTER TABLE `tblimagennegocio`
  ADD PRIMARY KEY (`IdImagenNegocio`),
  ADD KEY `IdNegocio` (`IdNegocio`);

--
-- Indexes for table `tblimagenservicio`
--
ALTER TABLE `tblimagenservicio`
  ADD PRIMARY KEY (`IdImagenServicio`),
  ADD KEY `IdServicio` (`IdServicio`);

--
-- Indexes for table `tblnegocios`
--
ALTER TABLE `tblnegocios`
  ADD PRIMARY KEY (`IdNegocio`),
  ADD KEY `IdCategoria` (`IdCategoria`),
  ADD KEY `IdServicio` (`IdServicio`),
  ADD KEY `IdEstatus` (`IdEstatus`),
  ADD KEY `IdMunicipio` (`IdMunicipio`),
  ADD KEY `IdEstado` (`IdEstado`);

--
-- Indexes for table `tblserviciocategoria`
--
ALTER TABLE `tblserviciocategoria`
  ADD PRIMARY KEY (`IdServicioCategoria`),
  ADD KEY `IdServicio` (`IdServicio`),
  ADD KEY `IdCategoria` (`IdCategoria`);

--
-- Indexes for table `tblservicios`
--
ALTER TABLE `tblservicios`
  ADD PRIMARY KEY (`IdServicio`);

--
-- Indexes for table `tblusuario`
--
ALTER TABLE `tblusuario`
  ADD PRIMARY KEY (`IdUsuario`),
  ADD KEY `IdNegocio` (`IdNegocio`);

--
-- Indexes for table `tblusuarioscomun`
--
ALTER TABLE `tblusuarioscomun`
  ADD PRIMARY KEY (`IdUsuario`),
  ADD KEY `IdMunicipio` (`IdMunicipio`),
  ADD KEY `IdEstado` (`IdEstado`);

--
-- Indexes for table `tblvotosnegocios`
--
ALTER TABLE `tblvotosnegocios`
  ADD PRIMARY KEY (`IdVoto`),
  ADD KEY `IdUsuario` (`IdUsuario`),
  ADD KEY `IdNegocio` (`IdNegocio`);

--
-- AUTO_INCREMENT for dumped tables
--

--
-- AUTO_INCREMENT for table `estados`
--
ALTER TABLE `estados`
  MODIFY `id` int(11) NOT NULL AUTO_INCREMENT, AUTO_INCREMENT=33;

--
-- AUTO_INCREMENT for table `estados_municipios`
--
ALTER TABLE `estados_municipios`
  MODIFY `id` int(11) NOT NULL AUTO_INCREMENT, AUTO_INCREMENT=2458;

--
-- AUTO_INCREMENT for table `municipios`
--
ALTER TABLE `municipios`
  MODIFY `id` int(11) NOT NULL AUTO_INCREMENT, AUTO_INCREMENT=2458;

--
-- AUTO_INCREMENT for table `tblcategorias`
--
ALTER TABLE `tblcategorias`
  MODIFY `IdCategoria` int(11) NOT NULL AUTO_INCREMENT, AUTO_INCREMENT=66;

--
-- AUTO_INCREMENT for table `tblestatusnegocio`
--
ALTER TABLE `tblestatusnegocio`
  MODIFY `IdEstatus` int(11) NOT NULL AUTO_INCREMENT, AUTO_INCREMENT=3;

--
-- AUTO_INCREMENT for table `tblimagenesbanner`
--
ALTER TABLE `tblimagenesbanner`
  MODIFY `IdImagenBanner` int(11) NOT NULL AUTO_INCREMENT, AUTO_INCREMENT=11;

--
-- AUTO_INCREMENT for table `tblimagennegocio`
--
ALTER TABLE `tblimagennegocio`
  MODIFY `IdImagenNegocio` int(11) NOT NULL AUTO_INCREMENT, AUTO_INCREMENT=792;

--
-- AUTO_INCREMENT for table `tblimagenservicio`
--
ALTER TABLE `tblimagenservicio`
  MODIFY `IdImagenServicio` int(11) NOT NULL AUTO_INCREMENT, AUTO_INCREMENT=10;

--
-- AUTO_INCREMENT for table `tblnegocios`
--
ALTER TABLE `tblnegocios`
  MODIFY `IdNegocio` int(11) NOT NULL AUTO_INCREMENT, AUTO_INCREMENT=128;

--
-- AUTO_INCREMENT for table `tblserviciocategoria`
--
ALTER TABLE `tblserviciocategoria`
  MODIFY `IdServicioCategoria` int(11) NOT NULL AUTO_INCREMENT, AUTO_INCREMENT=64;

--
-- AUTO_INCREMENT for table `tblservicios`
--
ALTER TABLE `tblservicios`
  MODIFY `IdServicio` int(11) NOT NULL AUTO_INCREMENT, AUTO_INCREMENT=15;

--
-- AUTO_INCREMENT for table `tblusuario`
--
ALTER TABLE `tblusuario`
  MODIFY `IdUsuario` int(11) NOT NULL AUTO_INCREMENT, AUTO_INCREMENT=131;

--
-- AUTO_INCREMENT for table `tblusuarioscomun`
--
ALTER TABLE `tblusuarioscomun`
  MODIFY `IdUsuario` int(11) NOT NULL AUTO_INCREMENT, AUTO_INCREMENT=34;

--
-- AUTO_INCREMENT for table `tblvotosnegocios`
--
ALTER TABLE `tblvotosnegocios`
  MODIFY `IdVoto` int(11) NOT NULL AUTO_INCREMENT, AUTO_INCREMENT=13;

--
-- Constraints for dumped tables
--

--
-- Constraints for table `estados_municipios`
--
ALTER TABLE `estados_municipios`
  ADD CONSTRAINT `estados_municipios_ibfk_1` FOREIGN KEY (`estados_id`) REFERENCES `estados` (`id`),
  ADD CONSTRAINT `estados_municipios_ibfk_2` FOREIGN KEY (`municipios_id`) REFERENCES `municipios` (`id`);

--
-- Constraints for table `tblimagennegocio`
--
ALTER TABLE `tblimagennegocio`
  ADD CONSTRAINT `tblimagennegocio_ibfk_1` FOREIGN KEY (`IdNegocio`) REFERENCES `tblnegocios` (`IdNegocio`);

--
-- Constraints for table `tblimagenservicio`
--
ALTER TABLE `tblimagenservicio`
  ADD CONSTRAINT `tblimagenservicio_ibfk_1` FOREIGN KEY (`IdServicio`) REFERENCES `tblservicios` (`IdServicio`);

--
-- Constraints for table `tblnegocios`
--
ALTER TABLE `tblnegocios`
  ADD CONSTRAINT `tblnegocios_ibfk_1` FOREIGN KEY (`IdEstatus`) REFERENCES `tblestatusnegocio` (`IdEstatus`),
  ADD CONSTRAINT `tblnegocios_ibfk_2` FOREIGN KEY (`IdServicio`) REFERENCES `tblservicios` (`IdServicio`),
  ADD CONSTRAINT `tblnegocios_ibfk_3` FOREIGN KEY (`IdCategoria`) REFERENCES `tblcategorias` (`IdCategoria`),
  ADD CONSTRAINT `tblnegocios_ibfk_4` FOREIGN KEY (`IdEstado`) REFERENCES `estados` (`id`),
  ADD CONSTRAINT `tblnegocios_ibfk_5` FOREIGN KEY (`IdMunicipio`) REFERENCES `municipios` (`id`);

--
-- Constraints for table `tblserviciocategoria`
--
ALTER TABLE `tblserviciocategoria`
  ADD CONSTRAINT `tblserviciocategoria_ibfk_1` FOREIGN KEY (`IdServicio`) REFERENCES `tblservicios` (`IdServicio`),
  ADD CONSTRAINT `tblserviciocategoria_ibfk_2` FOREIGN KEY (`IdCategoria`) REFERENCES `tblcategorias` (`IdCategoria`);

--
-- Constraints for table `tblusuarioscomun`
--
ALTER TABLE `tblusuarioscomun`
  ADD CONSTRAINT `tblusuarioscomun_ibfk_1` FOREIGN KEY (`IdEstado`) REFERENCES `estados` (`id`),
  ADD CONSTRAINT `tblusuarioscomun_ibfk_2` FOREIGN KEY (`IdMunicipio`) REFERENCES `municipios` (`id`);

--
-- Constraints for table `tblvotosnegocios`
--
ALTER TABLE `tblvotosnegocios`
  ADD CONSTRAINT `tblvotosnegocios_ibfk_1` FOREIGN KEY (`IdNegocio`) REFERENCES `tblnegocios` (`IdNegocio`),
  ADD CONSTRAINT `tblvotosnegocios_ibfk_2` FOREIGN KEY (`IdUsuario`) REFERENCES `tblusuarioscomun` (`IdUsuario`);
COMMIT;

/*!40101 SET CHARACTER_SET_CLIENT=@OLD_CHARACTER_SET_CLIENT */;
/*!40101 SET CHARACTER_SET_RESULTS=@OLD_CHARACTER_SET_RESULTS */;
/*!40101 SET COLLATION_CONNECTION=@OLD_COLLATION_CONNECTION */;
